personId,name,kind,keyedBy,candidacies,firstYear,lastYear,span,largest_gap,bodies,parties,severity,reasons
100427,Austin Stack,OVER-MERGE,name,6,1918,2024,106,97,1,Anti-Treaty Sinn Féin / Fianna Fáil / Republican / Sinn Féin,10,span 106y; gap 97y (1927->2024)
100315,Michael Doyle,OVER-MERGE,name,7,1922,2024,102,91,1,Farmers / Fine Gael / Independent / National Centre Party,10,span 102y; gap 91y (1933->2024)
100303,John McGuinness,OVER-MERGE,name,7,1923,2024,101,79,1,Fianna Fáil / Republican,10,span 101y; gap 79y (1923->2002)
100782,Seán Kelly,OVER-MERGE,name,5,1923,2024,101,86,2,Cumann na nGaedheal / Fine Gael,10,span 101y; gap 86y (1923->2009)
100038,Michael Brennan,OVER-MERGE,name,13,1923,2024,101,56,1,Cumann na nGaedheal / Farmers / Fine Gael / Independent,10,span 101y; gap 56y (1951->2007)
101934,John Cummins,OVER-MERGE,name,3,1923,2024,101,97,1,Fine Gael / Independent,10,span 101y; gap 97y (1923->2020)
100106,William O'Brien,OVER-MERGE,name,10,1922,2020,98,51,1,Farmers / Fine Gael / Independent / Irish Labour,9,span 98y; gap 51y (1969->2020)
100711,John Daly,OVER-MERGE,name,5,1923,2020,97,88,1,Cumann na nGaedheal / Independent / National Party,9,span 97y; gap 88y (1932->2020)
100317,Michael O'Brien,OVER-MERGE,name,7,1923,2020,97,75,1,Anti-Austerity Alliance / Farmers / Farmers' Party (Ireland) / Irish Labour,9,span 97y; gap 75y (1927->2002)
100031,Seán O'Leary,OVER-MERGE,name,14,1927,2024,97,88,1,Fianna Fáil / Independent,9,span 97y; gap 88y (1932->2020)
102008,Michael Cahill,OVER-MERGE,name,3,1927,2024,97,97,1,Cumann na nGaedheal / Fianna Fáil / Independent,9,span 97y; gap 97y (1927->2024)
102155,William O'Leary,OVER-MERGE,name,3,1927,2024,97,97,1,Fianna Fáil / Independent,9,span 97y; gap 97y (1927->2024)
100301,John Lyons,OVER-MERGE,name,7,1927,2024,97,84,1,Independent / Irish Labour / PBP,9,span 97y; gap 84y (1927->2011)
100502,Peter O'Loughlin,OVER-MERGE,name,6,1923,2019,96,66,2,Clann na Poblachta / Cumann na nGaedheal / Identity Ireland / Independent,9,span 96y; gap 66y (1948->2014)
103720,Thomas Clarke,OVER-MERGE,name,2,1918,2011,93,93,1,Independent / Nationalist Party,9,span 93y; gap 93y (1918->2011)
103278,Frank O'Donnell,OVER-MERGE,name,2,1932,2024,92,92,1,Fianna Fáil / Independent,9,span 92y; gap 92y (1932->2024)
101137,James Geoghegan,OVER-MERGE,name,4,1932,2024,92,88,1,Fianna Fáil / Fine Gael,9,span 92y; gap 88y (1933->2021)
100234,John Hanna,OVER-MERGE,id,7,1921,2011,90,68,2,Belfast Labour / UUP,9,span 90y; gap 68y (1921->1989)
102021,Michael O'Donnell,OVER-MERGE,name,3,1927,2016,89,89,1,Communist Party of Ireland / Fianna Fáil,9,span 89y; gap 89y (1927->2016)
101169,John O'Mahony,OVER-MERGE,name,4,1927,2016,89,80,1,Cumann na nGaedheal / Fine Gael,9,span 89y; gap 80y (1927->2007)
100214,Seamus Fitzgerald,OVER-MERGE,name,8,1921,2007,86,58,1,Anti-Treaty Sinn Féin / Fianna Fáil / Fine Gael / Republican,9,span 86y; gap 58y (1944->2002)
101199,Michael Burke,OVER-MERGE,name,4,1938,2024,86,72,1,Clann na Poblachta / Fine Gael / Independent,9,span 86y; gap 72y (1948->2020)
100770,Peter Ward,OVER-MERGE,name,5,1918,2002,84,79,1,Cumann na nGaedheal / Irish Labour / Pro-Treaty Sinn Féin / Sinn Féin,9,span 84y; gap 79y (1923->2002)
103620,Peadar O'Donnell,OVER-MERGE,name,2,1923,2007,84,84,1,Progressive Democrats / Republican,9,span 84y; gap 84y (1923->2007)
100745,Michael O'Connor,OVER-MERGE,name,5,1923,2007,84,41,1,Comhar Criostai / Christian Solidarity / Fine Gael / Independent / Irish Labour,9,span 84y; gap 41y (1961->2002)
103408,John O'Donnell,OVER-MERGE,name,2,1937,2020,83,83,1,Fine Gael / Independent,9,span 83y; gap 83y (1937->2020)
100634,William Graham,OVER-MERGE,id,5,1929,2011,82,68,2,Independent Unionist / UUP,9,span 82y; gap 68y (1929->1997)
100458,James O'Connor,OVER-MERGE,name,6,1943,2024,81,55,1,Clann na Poblachta / Fianna Fáil / Fine Gael / Labour Party (Ireland),9,span 81y; gap 55y (1965->2020)
100024,John O'Leary,OVER-MERGE,name,15,1943,2024,81,38,1,Clann na Poblachta / Fianna Fáil / Independent / Irish Labour,9,span 81y; gap 38y (1969->2007)
103601,Patrick O'Keefe,OVER-MERGE,name,2,1922,2002,80,80,1,Independent / Pro-Treaty Sinn Féin,9,span 80y; gap 80y (1922->2002)
101933,John Cronin,OVER-MERGE,name,3,1927,2007,80,80,1,Cumann na nGaedheal / Independent,9,span 80y; gap 80y (1927->2007)
103380,John Donnelly,OVER-MERGE,name,2,1927,2007,80,80,1,Cumann na nGaedheal / Immigration Control Platform,9,span 80y; gap 80y (1927->2007)
101919,James Reynolds,OVER-MERGE,name,3,1944,2024,80,76,2,Independent / National Party,9,span 80y; gap 76y (1944->2020)
100051,Thomas Byrne,OVER-MERGE,name,12,1944,2024,80,46,2,Fianna Fáil / Independent,9,span 80y; gap 46y (1961->2007)
100522,Thomas Walsh,OVER-MERGE,name,6,1943,2020,77,66,1,Fianna Fáil / Fine Gael,8,span 77y; gap 66y (1954->2020)
100747,Michael Sheehan,OVER-MERGE,name,5,1948,2024,76,69,1,Fianna Fáil / Fine Gael / Independent,8,span 76y; gap 69y (1951->2020)
101190,Mark Wall,OVER-MERGE,name,4,1948,2024,76,68,1,Fine Gael / Irish Labour,8,span 76y; gap 68y (1948->2016)
100098,Patrick O'Donnell,OVER-MERGE,name,10,1927,2002,75,33,1,Cumann na nGaedheal / Fine Gael / Independent,8,span 75y; gap 33y (1969->2002)
101930,John Carty,OVER-MERGE,name,3,1933,2007,74,69,1,Fianna Fáil / National Centre Party,8,span 74y; gap 69y (1933->2002)
101214,Michael O'Sullivan,OVER-MERGE,name,4,1938,2011,73,41,1,Fine Gael / Independent / Labour Party (Ireland) / Socialist Workers,8,span 73y; gap 41y (1961->2002)
100146,Michael Moynihan,OVER-MERGE,name,9,1954,2024,70,37,1,Fianna Fáil / Labour Party (Ireland),8,span 70y; gap 37y (1965->2002)
102154,William O'Donnell,OVER-MERGE,name,3,1943,2011,68,67,1,Clann na Talmhan / Fine Gael,8,span 68y; gap 67y (1944->2011)
102012,Michael Fitzgerald,OVER-MERGE,name,3,1948,2016,68,55,1,Clann na Talmhan / Fine Gael / Green,8,span 68y; gap 55y (1961->2016)
101155,John Boland,OVER-MERGE,name,4,1944,2011,67,42,1,Fine Gael / Independent / Labour Party (Ireland),8,span 67y; gap 42y (1969->2011)
102130,Thomas Fallon,OVER-MERGE,name,3,1954,2020,66,62,1,Fine Gael / Independent,8,span 66y; gap 62y (1954->2016)
100528,Desmond Donnelly,OVER-MERGE,id,5,1946,2011,65,47,2,NI Labour / Sinn Féin,8,span 65y; gap 47y (1946->1993)
103406,John Moran,OVER-MERGE,name,2,1948,2011,63,63,1,Fine Gael / Labour Party (Ireland),8,span 63y; gap 63y (1948->2011)
103486,Martin Ward,OVER-MERGE,name,2,1957,2020,63,63,1,Aontú / Independent,8,span 63y; gap 63y (1957->2020)
100796,Tom Nolan,OVER-MERGE,name,5,1961,2024,63,45,2,Fianna Fáil / Fine Gael,8,span 63y; gap 45y (1979->2024)
100477,Mairead McGuinness,OVER-MERGE,name,6,1957,2019,62,47,2,Fine Gael / Independent,8,span 62y; gap 47y (1957->2004)
102232,Patrick O'Hagan,OVER-MERGE,id,2,1935,1997,62,62,2,Republican Clubs / Sinn Féin,8,span 62y; gap 62y (1935->1997)
100310,Mark Killilea,OVER-MERGE,name,7,1933,1994,61,32,2,Fianna Fáil,8,span 61y; gap 32y (1957->1989)
100013,Yes,OVER-MERGE,name,1207,1937,2024,87,22,2,Yes,7,span 87y
100012,No,OVER-MERGE,name,1207,1937,2024,87,22,2,No,7,span 87y
102103,Seán Doyle,OVER-MERGE,name,3,1943,2002,59,54,1,Independent,7,span 59y; gap 54y (1948->2002)
103401,John McCarthy,OVER-MERGE,name,2,1948,2007,59,59,1,Fine Gael / Independent,7,span 59y; gap 59y (1948->2007)
102018,Michael McDonagh,OVER-MERGE,name,3,1957,2016,59,45,1,Fianna Fáil / Fine Gael,7,span 59y; gap 45y (1957->2002)
101136,James Dwyer,OVER-MERGE,name,4,1927,1984,57,52,2,Cumann na nGaedheal / Sinn Féin,7,span 57y; gap 52y (1932->1984)
100694,James Carroll,OVER-MERGE,name,5,1954,2011,57,46,1,Fianna Fáil / Independent,7,span 57y; gap 46y (1965->2011)
103485,Martin O'Regan,OVER-MERGE,name,2,1938,1994,56,56,2,Fianna Fáil / Workers' Party,7,span 56y; gap 56y (1938->1994)
100623,Patrick Donnelly,OVER-MERGE,id,5,1929,1985,56,44,2,Independent / Independent Nationalist / Irish Independence Party,7,span 56y; gap 44y (1929->1973)
100753,Paddy Harte,OVER-MERGE,name,5,1961,2016,55,27,2,Fine Gael,7,span 55y; gap 27y (1989->2016)
101218,Michael Ryan,OVER-MERGE,name,4,1969,2024,55,42,1,Aontú / Fine Gael / Independent,7,span 55y; gap 42y (1969->2011)
102051,Pat Kennedy,OVER-MERGE,name,3,1969,2024,55,33,1,Fianna Fáil / Fine Gael / Independent,7,span 55y; gap 33y (1969->2002)
100748,Michael Smith,OVER-MERGE,name,5,1969,2024,55,33,1,Fianna Fáil,7,span 55y; gap 33y (1969->2002)
100780,Seán French,OVER-MERGE,name,5,1927,1979,52,36,2,Fianna Fáil,7,span 52y; gap 36y (1933->1969)
100855,Alexander McConnell,OVER-MERGE,id,4,1929,1981,52,44,2,Town Tenants' Association / UUP,7,span 52y; gap 44y (1929->1973)
103325,James Bennett,OVER-MERGE,name,2,1918,1969,51,51,1,Irish Labour / Labour Party (Ireland),7,span 51y; gap 51y (1918->1969)
103327,James Byrne,OVER-MERGE,name,2,1969,2020,51,51,1,Fianna Fáil / Irish Labour,7,span 51y; gap 51y (1969->2020)
101075,Brendan Griffin,OVER-MERGE,name,4,1969,2020,51,42,1,Fine Gael,7,span 51y; gap 42y (1969->2011)
100426,Andrew Doyle,OVER-MERGE,name,6,1969,2020,51,38,2,Fine Gael / Irish Labour,7,span 51y; gap 38y (1969->2007)
100158,James McKernan,OVER-MERGE,id,8,1950,2001,51,27,2,NI Labour / SDLP,7,span 51y; gap 27y (1950->1977)
102371,Thomas Campbell,OVER-MERGE,id,2,1931,1981,50,50,2,Independent / Nationalist Party,7,span 50y; gap 50y (1931->1981)
100391,John McAuley,OVER-MERGE,id,6,1973,2023,50,34,1,DUP,7,span 50y; gap 34y (1985->2019)
16975,Patsy Kelly,OVER-MERGE,id,5,1973,2023,50,38,2,Independent / Independent Other / SDLP,7,span 50y; gap 38y (1973->2011)
75734,Gerard Burns,OVER-MERGE,id,2,1973,2022,49,49,2,Independent / Republican Clubs,7,span 49y; gap 49y (1973->2022)
16298,Vincent MacDowell,OVER-MERGE,name,2,1954,2002,48,48,1,Independent / Irish Labour,7,span 48y; gap 48y (1954->2002)
103407,John Nugent,OVER-MERGE,name,2,1918,1965,47,47,1,Fine Gael / Nationalist Party,7,span 47y; gap 47y (1918->1965)
83992,Eamonn McCann,OVER-MERGE,id,9,1970,2017,47,33,3,Independent Other / PBP / Socialist Environmental Alliance,7,span 47y; gap 33y (1970->2003)
103689,Seán Healy,OVER-MERGE,name,2,1923,1969,46,46,1,Cumann na nGaedheal / Independent,7,span 46y; gap 46y (1923->1969)
100756,Patrick Clancy,OVER-MERGE,name,5,1923,1969,46,37,1,Fine Gael / Independent / Irish Labour,7,span 46y; gap 37y (1932->1969)
103344,James O'Brien,OVER-MERGE,name,2,1923,1969,46,46,1,Fianna Fáil / Irish Labour,7,span 46y; gap 46y (1923->1969)
60268,Erskine Holmes,OVER-MERGE,id,7,1970,2016,46,26,3,Independent Other / NI Labour / Northern Ireland Labour Representation Committee,7,span 46y; gap 26y (1990->2016)
100970,David Hanna,OVER-MERGE,id,4,1973,2019,46,38,1,DUP / UKIP,7,span 46y; gap 38y (1981->2019)
76808,William Blair,OVER-MERGE,id,7,1973,2019,46,26,1,TUV / UUP,7,span 46y; gap 26y (1985->2011)
68620,Bernard McGrath,OVER-MERGE,id,4,1977,2023,46,37,1,Independent / SDLP,7,span 46y; gap 37y (1977->2014)
100189,Brian Lenihan,OVER-MERGE,name,8,1957,2011,54,21,2,Fianna Fáil,5,span 54y
100545,James Baird,OVER-MERGE,id,8,1973,2023,50,24,1,UUP,5,span 50y
98924,James McKeown,OVER-MERGE,id,7,1973,2023,50,20,1,Sinn Féin / UUP,5,span 50y
68780,Jim Rodgers,OVER-MERGE,id,11,1973,2023,50,20,2,UUP / Vanguard Unionist Progressive Party,5,span 50y
100313,Michael D. Higgins,OVER-MERGE,name,7,1969,2018,49,18,3,Independent / Irish Labour / Labour Party (Ireland),5,span 49y
100015,Patrick Hogan,OVER-MERGE,name,19,1921,1969,48,10,1,Cumann na nGaedheal / Fianna Fáil / Fine Gael / Irish Labour,5,span 48y
100068,Patrick J McGilligan,OVER-MERGE,name,11,1918,1965,47,15,1,Cumann na nGaedheal / Fine Gael / Sinn Féin,5,span 47y
76322,Alasdair McDonnell,OVER-MERGE,id,22,1970,2017,47,7,3,National Democratic Party / SDLP,5,span 47y
94434,Gregory Campbell,OVER-MERGE,id,24,1977,2024,47,5,3,DUP,5,span 47y
96356,Sammy Wilson,OVER-MERGE,id,21,1977,2024,47,5,3,DUP,5,span 47y
100022,Paddy Smith,OVER-MERGE,name,16,1923,1969,46,5,1,Fianna Fáil / Republican,5,span 46y
100023,Thomas McEllistrim,OVER-MERGE,name,16,1923,1969,46,5,1,Fianna Fáil / Republican,5,span 46y
100093,John O'Sullivan,OVER-MERGE,name,10,1923,1969,46,22,1,Cumann na nGaedheal / Fine Gael,5,span 46y
100779,Seamus Rodgers,OVER-MERGE,name,5,1961,2007,46,18,2,Irish Labour / Sinn Féin / Sinn Féin Workers' / Workers' Party,5,span 46y
100055,William Logan,OVER-MERGE,id,11,1973,2019,46,14,1,DUP / Independent / SDLP / UUP,5,span 46y
32086,Robert Hill,OVER-MERGE,id,11,1973,2019,46,8,1,DUP / Independent / UKIP / UUP,5,span 46y
69704,John Carson,OVER-MERGE,id,14,1973,2019,46,8,1,DUP / UUP,5,span 46y
29661,Sean Hagan,OVER-MERGE,id,10,1973,2019,46,14,1,Alliance,5,span 46y
80140,Dermot Curran,OVER-MERGE,id,12,1973,2019,46,6,1,SDLP,5,span 46y
100124,Michael Long,OVER-MERGE,id,9,1977,2023,46,16,1,Alliance / Unionist Party of Northern Ireland,5,span 46y
94331,Alan Graham,OVER-MERGE,id,11,1977,2023,46,8,1,DUP,5,span 46y
105225+103603,Patrick O'Neill,UNDER-MERGE,id/name,3,1921,2020,99,2,,Farmers / Fine Gael / Nationalist Party,4,"same name, careers 1921-1921 then 1923-2020, gap 2y"
105792+83992,Eamonn McCann,UNDER-MERGE,id/id,10,1969,2017,48,1,,Independent Other / NI Labour / PBP / Socialist Environmental Alliance,4,"same name, careers 1969-1969 then 1970-2017, gap 1y"
105416+100020,Frank Aiken,UNDER-MERGE,id/name,17,1921,1969,48,2,,Fianna Fáil / Republican / Sinn Féin,4,"same name, careers 1921-1921 then 1923-1969, gap 2y"
105319+60268,Erskine Holmes,UNDER-MERGE,id/id,8,1969,2016,47,1,,Independent Other / NI Labour / Northern Ireland Labour Representation Committee,4,"same name, careers 1969-1969 then 1970-2016, gap 1y"
106130+85957,William King,UNDER-MERGE,id/id,12,1973,2019,46,4,,UUP,4,"same name, careers 1973-1973 then 1977-2019, gap 4y"
49548+105640,John Boyle,UNDER-MERGE,id/id,10,1981,2024,43,1,,Aontú / DUP / SDLP / UUP,4,"same name, careers 1981-2023 then 2024-2024, gap 1y"
85957+110967,William King,UNDER-MERGE,id/name,12,1977,2020,43,1,,Independent / UUP,4,"same name, careers 1977-2019 then 2020-2020, gap 1y"
100994+109438,J. J. Magee,UNDER-MERGE,id/name,5,1977,2019,42,5,,Republican Clubs / Sinn Féin / Workers Party,4,"same name, careers 1977-2014 then 2019-2019, gap 5y"
105889+48601,Ian Paisley,UNDER-MERGE,id/id,22,1969,2007,38,1,,DUP / Protestant Unionist / Protestant Unionist Party,4,"same name, careers 1969-1969 then 1970-2007, gap 1y"
100216+107159,Seán Flanagan,UNDER-MERGE,name/id,9,1951,1989,38,5,,Fianna Fáil / Workers Party,4,"same name, careers 1951-1984 then 1989-1989, gap 5y"
105948+17395,Eddie McGrady,UNDER-MERGE,id/id,13,1969,2005,36,4,,National Democratic Party / SDLP,4,"same name, careers 1969-1969 then 1973-2005, gap 4y"
99412+103167,Conor Murphy,UNDER-MERGE,id/name,16,1989,2024,35,2,,Independent / Sinn Féin,4,"same name, careers 1989-2022 then 2024-2024, gap 2y"
100228+101251,Peter Fitzpatrick,UNDER-MERGE,id/name,11,1985,2020,35,0,,Fine Gael / Independent / SDLP,4,"same name, careers 1985-2011 then 2011-2020, gap 0y"
27771+103300,Gerry Adams,UNDER-MERGE,id/name,13,1982,2016,34,1,,Sinn Féin,4,"same name, careers 1982-2010 then 2011-2016, gap 1y"
105794+80677,John Taylor,UNDER-MERGE,id/id,13,1969,2003,34,4,,UUP,4,"same name, careers 1969-1969 then 1973-2003, gap 4y"
104585+99683,David Bleakley,UNDER-MERGE,id/id,8,1965,1998,33,5,,Independent Other / Labour Party of Northern Ireland / NI Labour,4,"same name, careers 1965-1965 then 1970-1998, gap 5y"
106025+3525,Billy Boyd,UNDER-MERGE,id/id,7,1969,2001,32,4,,DUP / Independent / NI Labour / Northern Ireland Labour Party,4,"same name, careers 1969-1969 then 1973-2001, gap 4y"
101695+18289,Mairtin O'Muilleoir,UNDER-MERGE,id/id,9,1985,2017,32,1,,Sinn Féin,4,"same name, careers 1985-2014 then 2015-2017, gap 1y"
102295+33340,William Martin,UNDER-MERGE,id/id,8,1973,2005,32,3,,UUP,4,"same name, careers 1973-1982 then 1985-2005, gap 3y"
105494+58368,John Hume,UNDER-MERGE,id/id,16,1969,2001,32,4,,Independent Nationalist / SDLP,4,"same name, careers 1969-1969 then 1973-2001, gap 4y"
39902+101361,Fred Cobain,UNDER-MERGE,id/id,10,1992,2023,31,3,,DUP / UCUNF / UUP,4,"same name, careers 1992-2011 then 2014-2023, gap 3y"
100614+101377,Paddy Lynn,UNDER-MERGE,id/id,8,1993,2023,30,3,,Workers Party / Workers' Party,4,"same name, careers 1993-2011 then 2014-2023, gap 3y"
17997+103097,Austin Currie,UNDER-MERGE,id/name,7,1973,2002,29,4,,Fine Gael / Independent Nationalist / SDLP,4,"same name, careers 1973-1986 then 1990-2002, gap 4y"
18136+110160,Michelle Gildernew,UNDER-MERGE,id/name,14,1997,2024,27,5,,Sinn Féin,4,"same name, careers 1997-2019 then 2024-2024, gap 5y"
103574+88833,Pat Doherty,UNDER-MERGE,name/id,11,1989,2015,26,3,,Sinn Féin,4,"same name, careers 1989-1994 then 1997-2015, gap 3y"
106009+97535,James Kilfedder,UNDER-MERGE,id/id,14,1966,1992,26,4,,UUP / Ulster Popular Unionist Party,4,"same name, careers 1966-1966 then 1970-1992, gap 4y"
100988+103492,Mary Wallace,UNDER-MERGE,id/name,6,1981,2007,26,5,,Alliance / Fianna Fáil,4,"same name, careers 1981-1997 then 2002-2007, gap 5y"
103006+16260,Mark Durkan,UNDER-MERGE,id/id,10,1993,2017,24,1,,SDLP,4,"same name, careers 1993-1997 then 1998-2017, gap 1y"
104328+69340,Charles Poots,UNDER-MERGE,id/id,7,1969,1993,24,4,,DUP / Protestant Unionist,4,"same name, careers 1969-1969 then 1973-1993, gap 4y"
34716+101935,John Cushnahan,UNDER-MERGE,id/name,10,1977,1999,22,2,,Alliance / Fine Gael,4,"same name, careers 1977-1987 then 1989-1999, gap 2y"
20278+110163,Michelle O'Neill,UNDER-MERGE,id/name,7,2005,2024,19,2,,Fianna Fáil / Sinn Féin,4,"same name, careers 2005-2022 then 2024-2024, gap 2y"
36218+105277,Gareth Wilson,UNDER-MERGE,id/id,6,2005,2024,19,1,,DUP,4,"same name, careers 2005-2023 then 2024-2024, gap 1y"
102661+38454,Russell Watton,UNDER-MERGE,id/id,5,2005,2023,18,3,,Independent / PUP,4,"same name, careers 2005-2011 then 2014-2023, gap 3y"
100862+104485,Danny O'Connor,UNDER-MERGE,id/id,5,1997,2014,17,3,,Independent / SDLP,4,"same name, careers 1997-2011 then 2014-2014, gap 3y"
105581+17997,Austin Currie,UNDER-MERGE,id/id,6,1969,1986,17,4,,Independent Nationalist / Nationalist Party / SDLP,4,"same name, careers 1969-1969 then 1973-1986, gap 4y"
59262+105787,Alan Robinson,UNDER-MERGE,id/id,5,2005,2022,17,3,,DUP,4,"same name, careers 2005-2019 then 2022-2022, gap 3y"
106891+61770,Paula Bradshaw,UNDER-MERGE,id/id,8,2005,2022,17,5,,Alliance / UCUNF / UUP,4,"same name, careers 2005-2005 then 2010-2022, gap 5y"
101749+24097,Gerry Mullan,UNDER-MERGE,id/id,7,2001,2017,16,1,,Independent Nationalist / SDLP,4,"same name, careers 2001-2014 then 2015-2017, gap 1y"
105920+24471,Paddy Devlin,UNDER-MERGE,id/id,5,1969,1985,16,4,,Independent / Labour Party of Northern Ireland / NI Labour / SDLP,4,"same name, careers 1969-1969 then 1973-1985, gap 4y"
105599+46735,Brian Hanvey,UNDER-MERGE,id/id,5,1998,2014,16,3,,SDLP,4,"same name, careers 1998-1998 then 2001-2014, gap 3y"
101909+103043,James Gallagher,UNDER-MERGE,name/id,5,1961,1977,16,4,,Fianna Fáil / Unity (Northern Ireland),4,"same name, careers 1961-1969 then 1973-1977, gap 4y"
70328+105922,Trevor Clarke,UNDER-MERGE,id/id,6,2007,2022,15,0,,DUP / TUV,4,"same name, careers 2007-2022 then 2022-2022, gap 0y"
106053+62512,Gerry Fitt,UNDER-MERGE,id/id,8,1969,1983,14,1,,Independent Other / Republican Labour / SDLP,4,"same name, careers 1969-1969 then 1970-1983, gap 1y"
106971+63279,Mary White,UNDER-MERGE,id/name,5,1997,2011,14,5,,Green / SDLP,4,"same name, careers 1997-1997 then 2002-2011, gap 5y"
104128+100531,William Beattie,UNDER-MERGE,id/id,6,1969,1983,14,1,,DUP / Protestant Unionist / Protestant Unionist Party,4,"same name, careers 1969-1969 then 1970-1983, gap 1y"
15357+104436,Sandra Duffy,UNDER-MERGE,id/id,5,2011,2024,13,1,,Sinn Féin,4,"same name, careers 2011-2023 then 2024-2024, gap 1y"
102280+31939,Billy Webb,UNDER-MERGE,id/id,6,2010,2023,13,0,,Alliance,4,"same name, careers 2010-2011 then 2011-2023, gap 0y"
104345+57186,Gary Middleton,UNDER-MERGE,id/id,9,2011,2024,13,1,,DUP,4,"same name, careers 2011-2014 then 2015-2024, gap 1y"
105272+60248,Gavin Robinson,UNDER-MERGE,id/id,6,2011,2024,13,1,,DUP,4,"same name, careers 2011-2014 then 2015-2024, gap 1y"
104253+95853,William Craig,UNDER-MERGE,id/id,6,1969,1982,13,5,,UUP / Vanguard Unionist Progressive Party,4,"same name, careers 1969-1969 then 1974-1982, gap 5y"
107440+16033,Colin Breen,UNDER-MERGE,id/id,3,2011,2023,12,3,,Conservative / Independent / UUP,4,"same name, careers 2011-2011 then 2014-2023, gap 3y"
103870+26641,Harry West,UNDER-MERGE,id/id,7,1969,1981,12,4,,UUP,4,"same name, careers 1969-1969 then 1973-1981, gap 4y"
105398+37912,Herbert Whitten,UNDER-MERGE,id/id,4,1969,1981,12,4,,UUP,4,"same name, careers 1969-1969 then 1973-1981, gap 4y"
106293+41302,Joshua Cardwell,UNDER-MERGE,id/id,4,1969,1981,12,4,,UUP / Unionist Party of Northern Ireland,4,"same name, careers 1969-1969 then 1973-1981, gap 4y"
105542+43193,Joe O'Neill,UNDER-MERGE,id/id,4,2007,2019,12,4,,Republican Sinn Féin / Sinn Féin,4,"same name, careers 2007-2007 then 2011-2019, gap 4y"
104237+47167,Robert Campbell,UNDER-MERGE,id/id,4,1969,1981,12,4,,DUP / UUP,4,"same name, careers 1969-1969 then 1973-1981, gap 4y"
106920+61729,Stephen Ross,UNDER-MERGE,id/id,4,2011,2023,12,3,,DUP / Independent,4,"same name, careers 2011-2011 then 2014-2023, gap 3y"
108035+73344,Martin Gregg,UNDER-MERGE,id/id,4,2011,2023,12,3,,Alliance / Green / Green / Ecology,4,"same name, careers 2011-2011 then 2014-2023, gap 3y"
78072+106027,Tim Attwood,UNDER-MERGE,id/id,4,2005,2017,12,3,,SDLP,4,"same name, careers 2005-2014 then 2017-2017, gap 3y"
106157+88236,Orla Beattie,UNDER-MERGE,id/id,4,2007,2019,12,4,,SDLP,4,"same name, careers 2007-2007 then 2011-2019, gap 4y"
103814+102957,Hugh Wilson,UNDER-MERGE,id/id,3,1969,1981,12,4,,Alliance / Independent Unionist,4,"same name, careers 1969-1969 then 1973-1981, gap 4y"
107911+100001,Donal O'Cofaigh,UNDER-MERGE,id/id,4,2011,2023,12,3,,Cross-Community Labour Alternative / Independent / Socialist Party,4,"same name, careers 2011-2011 then 2014-2023, gap 3y"
104141+101472,William McKee,UNDER-MERGE,id/id,4,1969,1981,12,4,,Independent Unionist / UUP,4,"same name, careers 1969-1969 then 1973-1981, gap 4y"
103402+102234,John McDermott,UNDER-MERGE,name/id,4,2011,2023,12,4,,DUP / Independent / Non-party / UUP,4,"same name, careers 2011-2014 then 2018-2023, gap 4y"
14529+104780,Harry Toan,UNDER-MERGE,id/id,3,2003,2014,11,3,,DUP / TUV,4,"same name, careers 2003-2011 then 2014-2014, gap 3y"
15924+104501,Maolíosa McHugh,UNDER-MERGE,id/id,4,2011,2022,11,3,,Sinn Féin,4,"same name, careers 2011-2019 then 2022-2022, gap 3y"
18846+104665,Deirdre Hargey,UNDER-MERGE,id/id,4,2011,2022,11,3,,Sinn Féin,4,"same name, careers 2011-2019 then 2022-2022, gap 3y"
104064+19176,Patrick Clarke,UNDER-MERGE,id/id,4,2011,2022,11,3,,Alliance / Independent Other,4,"same name, careers 2011-2014 then 2017-2022, gap 3y"
48461+103876,John Brennan,UNDER-MERGE,name/id,4,1948,1959,11,2,,Fianna Fáil / Ind Lab,4,"same name, careers 1948-1957 then 1959-1959, gap 2y"
105042+62384,Kellie Armstrong,UNDER-MERGE,id/id,8,2011,2022,11,1,,Alliance,4,"same name, careers 2011-2014 then 2015-2022, gap 1y"
104664+95524,Nichola Mallon,UNDER-MERGE,id/id,5,2011,2022,11,2,,SDLP,4,"same name, careers 2011-2014 then 2016-2022, gap 2y"
105148+8169,Anne Dickson,UNDER-MERGE,id/id,4,1969,1979,10,4,,Independent Unionist / UUP / Unionist Party of Northern Ireland,4,"same name, careers 1969-1969 then 1973-1979, gap 4y"
9651+106263,Paul Blake,UNDER-MERGE,id/id,4,2014,2024,10,1,,SDLP,4,"same name, careers 2014-2023 then 2024-2024, gap 1y"
105096+11892,Robbie Butler,UNDER-MERGE,id/id,7,2014,2024,10,2,,UUP,4,"same name, careers 2014-2014 then 2016-2024, gap 2y"
107047+14529,Harry Toan,UNDER-MERGE,id/id,3,2001,2011,10,2,,DUP / TUV,4,"same name, careers 2001-2001 then 2003-2011, gap 2y"
39588+109887,Liam Johnston,UNDER-MERGE,id/name,5,2001,2011,10,0,,Non party/Fis Nua / Sinn Féin,4,"same name, careers 2001-2011 then 2011-2011, gap 0y"
58247+105770,Richard Smart,UNDER-MERGE,id/id,4,2014,2024,10,1,,UUP,4,"same name, careers 2014-2023 then 2024-2024, gap 1y"
105853+69762,Jonathan Buckley,UNDER-MERGE,id/id,4,2014,2024,10,3,,DUP,4,"same name, careers 2014-2014 then 2017-2024, gap 3y"
103815+70028,Catherine Seeley,UNDER-MERGE,id/id,4,2014,2024,10,1,,Sinn Féin,4,"same name, careers 2014-2014 then 2015-2024, gap 1y"
104170+72539,John McQuade,UNDER-MERGE,id/id,5,1969,1979,10,4,,DUP / UUP,4,"same name, careers 1969-1969 then 1973-1979, gap 4y"
105500+89147,Keith Buchanan,UNDER-MERGE,id/id,7,2014,2024,10,2,,DUP,4,"same name, careers 2014-2014 then 2016-2024, gap 2y"
99812+102402,Phillip Brett,UNDER-MERGE,id/id,4,2014,2024,10,3,,DUP,4,"same name, careers 2014-2019 then 2022-2024, gap 3y"
106290+349,John Maginnis,UNDER-MERGE,id/id,3,1966,1975,9,4,,UUP / Unionist Party of Northern Ireland,4,"same name, careers 1966-1966 then 1970-1975, gap 4y"
34682+105508,Brian Tierney,UNDER-MERGE,id/id,4,2014,2023,9,1,,SDLP,4,"same name, careers 2014-2022 then 2023-2023, gap 1y"
105690+53308,Deborah Girvan,UNDER-MERGE,id/id,4,2010,2019,9,1,,Alliance,4,"same name, careers 2010-2010 then 2011-2019, gap 1y"
102756+105106,John Barry,UNDER-MERGE,id/id,3,2005,2014,9,3,,Green / Green / Ecology,4,"same name, careers 2005-2011 then 2014-2014, gap 3y"
77984+105320,Darryl Wilson,UNDER-MERGE,id/id,4,2014,2023,9,1,,UUP,4,"same name, careers 2014-2022 then 2023-2023, gap 1y"
104938+102211,Barra Ó Muirí,UNDER-MERGE,id/id,3,2014,2023,9,5,,Sinn Féin,4,"same name, careers 2014-2014 then 2019-2023, gap 5y"
102271+105287,Shauna Cusack,UNDER-MERGE,id/id,3,2014,2023,9,4,,SDLP,4,"same name, careers 2014-2019 then 2023-2023, gap 4y"
105909+1961,Lawrence Orr,UNDER-MERGE,id/id,3,1966,1974,8,4,,UUP,4,"same name, careers 1966-1966 then 1970-1974, gap 4y"
8169+107229,Anne Dickson,UNDER-MERGE,id/id,4,1973,1981,8,2,,Independent Unionist / Unionist Party of Northern Ireland,4,"same name, careers 1973-1979 then 1981-1981, gap 2y"
23907+104840,Peter McReynolds,UNDER-MERGE,id/id,3,2014,2022,8,3,,Alliance,4,"same name, careers 2014-2019 then 2022-2022, gap 3y"
29132+105020,David Honeyford,UNDER-MERGE,id/id,3,2014,2022,8,3,,Alliance / NI21,4,"same name, careers 2014-2019 then 2022-2022, gap 3y"
104099+34145,Sinead Ennis,UNDER-MERGE,id/id,3,2014,2022,8,3,,Sinn Féin,4,"same name, careers 2014-2014 then 2017-2022, gap 3y"
39768+104723,Lily Kerr,UNDER-MERGE,id/id,5,2015,2023,8,1,,Workers' Party,4,"same name, careers 2015-2022 then 2023-2023, gap 1y"
104573+47592,Stanley McMaster,UNDER-MERGE,id/id,4,1966,1974,8,4,,Independent Unionist / UUP,4,"same name, careers 1966-1966 then 1970-1974, gap 4y"
48923+105125,Michaela Boyle,UNDER-MERGE,id/id,4,2011,2019,8,2,,Sinn Féin,4,"same name, careers 2011-2017 then 2019-2019, gap 2y"
104060+53853,William Spence,UNDER-MERGE,id/id,3,1969,1977,8,4,,DUP / Protestant Unionist,4,"same name, careers 1969-1969 then 1973-1977, gap 4y"
104967+57456,Linda Dillon,UNDER-MERGE,id/id,4,2014,2022,8,2,,Sinn Féin,4,"same name, careers 2014-2014 then 2016-2022, gap 2y"
105154+58769,Doug Beattie,UNDER-MERGE,id/id,6,2014,2022,8,2,,UUP,4,"same name, careers 2014-2014 then 2016-2022, gap 2y"
108132+102330,Ruth Wilson,UNDER-MERGE,id/id,3,2011,2019,8,3,,TUV / UUP,4,"same name, careers 2011-2011 then 2014-2019, gap 3y"
105899+102756,John Barry,UNDER-MERGE,id/id,3,2003,2011,8,2,,Green / Green / Ecology,4,"same name, careers 2003-2003 then 2005-2011, gap 2y"
104192+94073,Rafton Pounder,UNDER-MERGE,id/id,3,1966,1974,8,4,,UUP,4,"same name, careers 1966-1966 then 1970-1974, gap 4y"
105879+101709,James Craig,UNDER-MERGE,id/id,4,1969,1977,8,4,,Independent Unionist / UUP,4,"same name, careers 1969-1969 then 1973-1977, gap 4y"
103920+101864,Eamon Donnelly,UNDER-MERGE,id/name,4,1925,1933,8,2,,Fianna Fáil / Republican,4,"same name, careers 1925-1925 then 1927-1933, gap 2y"
106177+9002,John Burns,UNDER-MERGE,id/name,3,1992,1999,7,2,,Natural Law,4,"same name, careers 1992-1992 then 1994-1999, gap 2y"
105558+43937,Kyle Savage,UNDER-MERGE,id/id,3,2016,2023,7,3,,UUP,4,"same name, careers 2016-2016 then 2019-2023, gap 3y"
105586+45975,James Hamilton,UNDER-MERGE,id/id,3,1970,1977,7,3,,Alliance / UUP,4,"same name, careers 1970-1970 then 1973-1977, gap 3y"
96750+104651,Sheila McQuaid,UNDER-MERGE,id/id,4,2007,2014,7,0,,Alliance,4,"same name, careers 2007-2011 then 2011-2014, gap 0y"
110408+102877,Paul Coleman,UNDER-MERGE,name/id,3,2007,2014,7,4,,Non party/Fathers Rights Responsibilities / TUV,4,"same name, careers 2007-2007 then 2011-2014, gap 4y"
104404+9350,Ivan Cooper,UNDER-MERGE,id/id,5,1969,1975,6,4,,Independent Nationalist / SDLP,4,"same name, careers 1969-1969 then 1973-1975, gap 4y"
105712+30698,Lloyd Hall-Thompson,UNDER-MERGE,id/id,3,1969,1975,6,4,,UUP / Unionist Party of Northern Ireland / Unofficial Unionist,4,"same name, careers 1969-1969 then 1973-1975, gap 4y"
105360+38623,Anthony Flynn,UNDER-MERGE,id/id,3,2017,2023,6,2,,Green,4,"same name, careers 2017-2017 then 2019-2023, gap 2y"
105645+102255,Michael Collins,UNDER-MERGE,id/id,3,2017,2023,6,2,,PBP,4,"same name, careers 2017-2017 then 2019-2023, gap 2y"
104508+50631,Bertie McConnell,UNDER-MERGE,id/id,3,1969,1975,6,4,,Alliance / Independent Unionist,4,"same name, careers 1969-1969 then 1973-1975, gap 4y"
106018+54656,Brian Faulkner,UNDER-MERGE,id/id,3,1969,1975,6,4,,UUP / Unionist Party of Northern Ireland,4,"same name, careers 1969-1969 then 1973-1975, gap 4y"
103961+56314,Roy Bradford,UNDER-MERGE,id/id,4,1969,1975,6,4,,UUP,4,"same name, careers 1969-1969 then 1973-1975, gap 4y"
104955+84155,Paddy O'Hanlon,UNDER-MERGE,id/id,4,1969,1975,6,4,,Independent Nationalist / SDLP,4,"same name, careers 1969-1969 then 1973-1975, gap 4y"
103860+84442,Roy Ferguson,UNDER-MERGE,id/id,4,2011,2017,6,2,,TUV,4,"same name, careers 2011-2014 then 2016-2017, gap 2y"
106122+85527,Robert Foster,UNDER-MERGE,id/id,3,2017,2023,6,2,,UUP,4,"same name, careers 2017-2017 then 2019-2023, gap 2y"
104503+105598,John Maginnis,UNDER-MERGE,id/id,2,1959,1964,5,5,,UUP,4,"same name, careers 1959-1959 then 1964-1964, gap 5y"
104174+104473,Lawrence Orr,UNDER-MERGE,id/id,2,1959,1964,5,5,,UUP,4,"same name, careers 1959-1959 then 1964-1964, gap 5y"
104125+104087,Eddie McAteer,UNDER-MERGE,id/id,2,1953,1958,5,5,,Nationalist Party,4,"same name, careers 1953-1953 then 1958-1958, gap 5y"
11898+104009,Diana Armstrong,UNDER-MERGE,id/id,3,2019,2024,5,1,,UUP,4,"same name, careers 2019-2023 then 2024-2024, gap 1y"
14275+104300,Tracy Kelly,UNDER-MERGE,id/id,3,2019,2024,5,1,,DUP,4,"same name, careers 2019-2023 then 2024-2024, gap 1y"
104903+106066,Robin Chichester-Clark,UNDER-MERGE,id/id,2,1959,1964,5,5,,UUP,4,"same name, careers 1959-1959 then 1964-1964, gap 5y"
106238+22454,Elisha McCallion,UNDER-MERGE,id/id,4,2014,2019,5,3,,Sinn Féin,4,"same name, careers 2014-2014 then 2017-2019, gap 3y"
109518+105960,James O'Reilly,UNDER-MERGE,name/id,2,1943,1948,5,5,,Fianna Fáil / Nationalist Party,4,"same name, careers 1943-1943 then 1948-1948, gap 5y"
105458+105759,Robert Hill,UNDER-MERGE,id/id,2,1933,1938,5,5,,Ind. Unionist Party / Independent Unionist,4,"same name, careers 1933-1933 then 1938-1938, gap 5y"
33193+105182,Áine Groogan,UNDER-MERGE,id/id,3,2019,2024,5,1,,Green,4,"same name, careers 2019-2023 then 2024-2024, gap 1y"
109984+33545,Martin Kelly,UNDER-MERGE,name/id,3,2011,2016,5,4,,CISTA / Sinn Féin,4,"same name, careers 2011-2011 then 2015-2016, gap 4y"
106253+106232,Stanley McMaster,UNDER-MERGE,id/id,2,1959,1964,5,5,,UUP,4,"same name, careers 1959-1959 then 1964-1964, gap 5y"
51312+105664,Kate Evans,UNDER-MERGE,id/id,3,2019,2024,5,1,,UUP,4,"same name, careers 2019-2023 then 2024-2024, gap 1y"
104432+102198,John Beattie,UNDER-MERGE,id/id,3,1945,1950,5,5,,Ir Lab,4,"same name, careers 1945-1945 then 1950-1950, gap 5y"
52703+106020,Henry Clark,UNDER-MERGE,id/id,2,1959,1964,5,5,,UUP,4,"same name, careers 1959-1959 then 1964-1964, gap 5y"
53754+105701,Barry McKee,UNDER-MERGE,id/id,3,2019,2024,5,1,,Green,4,"same name, careers 2019-2023 then 2024-2024, gap 1y"
104113+105593,Brian Faulkner,UNDER-MERGE,id/id,2,1953,1958,5,5,,UUP,4,"same name, careers 1953-1953 then 1958-1958, gap 5y"
106265+105862,Nat Minford,UNDER-MERGE,id/id,2,1953,1958,5,5,,UUP,4,"same name, careers 1953-1953 then 1958-1958, gap 5y"
73548+105966,Michelle Guy,UNDER-MERGE,id/id,3,2019,2024,5,1,,Alliance,4,"same name, careers 2019-2023 then 2024-2024, gap 1y"
74141+105975,Helena Young,UNDER-MERGE,id/id,3,2019,2024,5,1,,Alliance,4,"same name, careers 2019-2023 then 2024-2024, gap 1y"
76195+105878,John McDowell,UNDER-MERGE,id/id,2,1959,1964,5,5,,NI Labour,4,"same name, careers 1959-1959 then 1964-1964, gap 5y"
79112+104828,Vivian Simpson,UNDER-MERGE,id/id,2,1953,1958,5,5,,NI Labour,4,"same name, careers 1953-1953 then 1958-1958, gap 5y"
105214+85530,Stratton Mills,UNDER-MERGE,id/id,2,1959,1964,5,5,,UUP,4,"same name, careers 1959-1959 then 1964-1964, gap 5y"
88399+106162,Carl Whyte,UNDER-MERGE,id/id,3,2019,2024,5,1,,SDLP,4,"same name, careers 2019-2023 then 2024-2024, gap 1y"
106217+96043,John Laird,UNDER-MERGE,id/id,3,1970,1975,5,3,,UUP,4,"same name, careers 1970-1970 then 1973-1975, gap 3y"
105485+105646,David Bleakley,UNDER-MERGE,id/id,2,1953,1958,5,5,,NI Labour,4,"same name, careers 1953-1953 then 1958-1958, gap 5y"
104430+104530,Jack Beattie,UNDER-MERGE,id/id,2,1933,1938,5,5,,Independent Labour / NI Labour,4,"same name, careers 1933-1933 then 1938-1938, gap 5y"
106067+105833,John Lynch,UNDER-MERGE,id/id,2,1959,1964,5,5,,Republican Clubs / Sinn Féin,4,"same name, careers 1959-1959 then 1964-1964, gap 5y"
104198+105699,Alexander Hunter,UNDER-MERGE,id/id,2,1953,1958,5,5,,UUP,4,"same name, careers 1953-1953 then 1958-1958, gap 5y"
105930+106117,Michael O'Neill,UNDER-MERGE,id/id,2,1951,1956,5,5,,Nationalist Party,4,"same name, careers 1951-1951 then 1956-1956, gap 5y"
103929+104371,Thomas Mitchell,UNDER-MERGE,id/id,2,1959,1964,5,5,,Republican Clubs / Sinn Féin,4,"same name, careers 1959-1959 then 1964-1964, gap 5y"
104534+106302,John Johnston,UNDER-MERGE,id/id,2,1933,1938,5,5,,UUP,4,"same name, careers 1933-1933 then 1938-1938, gap 5y"
105354+104066,Thomas Lyons,UNDER-MERGE,id/id,2,1953,1958,5,5,,UUP,4,"same name, careers 1953-1953 then 1958-1958, gap 5y"
104116+103631,(politician),UNDER-MERGE,id/name,3,2014,2019,5,5,,Independent,4,"same name, careers 2014-2014 then 2019-2019, gap 5y"
105610+104173,Douglas Savory,UNDER-MERGE,id/id,2,1940,1945,5,5,,UUP,4,"same name, careers 1940-1940 then 1945-1945, gap 5y"
104173+104558,Douglas Savory,UNDER-MERGE,id/id,2,1945,1950,5,5,,UUP,4,"same name, careers 1945-1945 then 1950-1950, gap 5y"
106003+103800,Ronald Ross,UNDER-MERGE,id/id,2,1945,1950,5,5,,UUP,4,"same name, careers 1945-1945 then 1950-1950, gap 5y"
103808+104437,Edward Brown,UNDER-MERGE,id/id,2,1950,1955,5,5,,NI Labour,4,"same name, careers 1950-1950 then 1955-1955, gap 5y"
105917+104162,Samuel Hall-Thompson,UNDER-MERGE,id/id,2,1933,1938,5,5,,UUP,4,"same name, careers 1933-1933 then 1938-1938, gap 5y"
104120+104303,William James Morgan,UNDER-MERGE,id/id,2,1953,1958,5,5,,UUP,4,"same name, careers 1953-1953 then 1958-1958, gap 5y"
106173+106111,Joe Connellan,UNDER-MERGE,id/id,2,1953,1958,5,5,,Nationalist Party,4,"same name, careers 1953-1953 then 1958-1958, gap 5y"
104323+104422,Ivan Neill,UNDER-MERGE,id/id,2,1953,1958,5,5,,UUP,4,"same name, careers 1953-1953 then 1958-1958, gap 5y"
106133+103818,Thomas Sinclair,UNDER-MERGE,id/id,2,1924,1929,5,5,,UUP,4,"same name, careers 1924-1924 then 1929-1929, gap 5y"
105688+106085,John William Nixon,UNDER-MERGE,id/id,2,1933,1938,5,5,,Independent Unionist,4,"same name, careers 1933-1933 then 1938-1938, gap 5y"
105022+104640,Voice,UNDER-MERGE,id/id,2,2014,2019,5,5,,TUV,4,"same name, careers 2014-2014 then 2019-2019, gap 5y"
104550+103824,Tommy Henderson,UNDER-MERGE,id/id,2,1933,1938,5,5,,Ind. Unionist Party / Independent Unionist,4,"same name, careers 1933-1933 then 1938-1938, gap 5y"
105276+104287,Samuel Rodgers,UNDER-MERGE,id/id,2,1953,1958,5,5,,UUP,4,"same name, careers 1953-1953 then 1958-1958, gap 5y"
104458+105962,Dinah McNabb,UNDER-MERGE,id/id,2,1953,1958,5,5,,UUP,4,"same name, careers 1953-1953 then 1958-1958, gap 5y"
104033+103834,William May,UNDER-MERGE,id/id,2,1953,1958,5,5,,UUP,4,"same name, careers 1953-1953 then 1958-1958, gap 5y"
106199+104496,George Currie,UNDER-MERGE,id/id,2,1959,1964,5,5,,UUP,4,"same name, careers 1959-1959 then 1964-1964, gap 5y"
106074+104365,Jack Andrews,UNDER-MERGE,id/id,2,1953,1958,5,5,,UUP,4,"same name, careers 1953-1953 then 1958-1958, gap 5y"
104124+105982,Thomas Loftus Cole,UNDER-MERGE,id/id,2,1933,1938,5,5,,UUP,4,"same name, careers 1933-1933 then 1938-1938, gap 5y"
104511+104350,Alex Donnelly,UNDER-MERGE,id/id,2,1933,1938,5,5,,Nationalist Party,4,"same name, careers 1933-1933 then 1938-1938, gap 5y"
105869+104183,Thomas Boyd,UNDER-MERGE,id/id,2,1945,1950,5,5,,NI Labour,4,"same name, careers 1945-1945 then 1950-1950, gap 5y"
104758+104594,Dehra Parker,UNDER-MERGE,id/id,2,1933,1938,5,5,,UUP,4,"same name, careers 1933-1933 then 1938-1938, gap 5y"
103875+104741,Dehra Parker,UNDER-MERGE,id/id,2,1953,1958,5,5,,UUP,4,"same name, careers 1953-1953 then 1958-1958, gap 5y"
104111+106243,Cahir Healy,UNDER-MERGE,id/id,2,1933,1938,5,5,,Nationalist Party,4,"same name, careers 1933-1933 then 1938-1938, gap 5y"
104152+105834,Cahir Healy,UNDER-MERGE,id/id,2,1953,1958,5,5,,Nationalist Party,4,"same name, careers 1953-1953 then 1958-1958, gap 5y"
105080+104592,Tom Boyd,UNDER-MERGE,id/id,2,1953,1958,5,5,,NI Labour,4,"same name, careers 1953-1953 then 1958-1958, gap 5y"
106230+104012,Joseph Francis Stewart,UNDER-MERGE,id/id,2,1933,1938,5,5,,Nationalist Party,4,"same name, careers 1933-1933 then 1938-1938, gap 5y"
104467+105829,Joseph Francis Stewart,UNDER-MERGE,id/id,2,1953,1958,5,5,,Nationalist Party,4,"same name, careers 1953-1953 then 1958-1958, gap 5y"
106174+103978,Albert McElroy,UNDER-MERGE,id/id,2,1945,1950,5,5,,Commonwealth Labour Party / NI Labour,4,"same name, careers 1945-1945 then 1950-1950, gap 5y"
103903+105600,Paddy Gormley,UNDER-MERGE,id/id,2,1953,1958,5,5,,Nationalist Party,4,"same name, careers 1953-1953 then 1958-1958, gap 5y"
105631+104396,John Simms,UNDER-MERGE,id/id,2,1924,1929,5,5,,UUP,4,"same name, careers 1924-1924 then 1929-1929, gap 5y"
103906+104475,Sir Wilson Hungerford,UNDER-MERGE,id/id,2,1933,1938,5,5,,UUP,4,"same name, careers 1933-1933 then 1938-1938, gap 5y"
104036+104415,William Grant,UNDER-MERGE,id/id,2,1933,1938,5,5,,UUP,4,"same name, careers 1933-1933 then 1938-1938, gap 5y"
103911+104835,Robert Samuel Nixon,UNDER-MERGE,id/id,2,1953,1958,5,5,,UUP,4,"same name, careers 1953-1953 then 1958-1958, gap 5y"
105971+104367,J. M. Andrews,UNDER-MERGE,id/id,2,1933,1938,5,5,,UUP,4,"same name, careers 1933-1933 then 1938-1938, gap 5y"
110302+103987,Party,UNDER-MERGE,name/id,2,2014,2019,5,5,,SDLP / UKIP,4,"same name, careers 2014-2014 then 2019-2019, gap 5y"
105432+104478,William J. Allen,UNDER-MERGE,id/id,2,1924,1929,5,5,,UUP,4,"same name, careers 1924-1924 then 1929-1929, gap 5y"
103919+106008,Hugh Minford,UNDER-MERGE,id/id,2,1933,1938,5,5,,UUP,4,"same name, careers 1933-1933 then 1938-1938, gap 5y"
105511+103931,David Shillington,UNDER-MERGE,id/id,2,1933,1938,5,5,,UUP,4,"same name, careers 1933-1933 then 1938-1938, gap 5y"
104228+104431,George Leeke,UNDER-MERGE,id/id,2,1933,1938,5,5,,Nationalist Party,4,"same name, careers 1933-1933 then 1938-1938, gap 5y"
104000+104103,(Sir) Norman Stronge,UNDER-MERGE,id/id,2,1953,1958,5,5,,UUP,4,"same name, careers 1953-1953 then 1958-1958, gap 5y"
103977+103958,Francis McGlade,UNDER-MERGE,id/id,2,1959,1964,5,5,,Republican Clubs / Sinn Féin,4,"same name, careers 1959-1959 then 1964-1964, gap 5y"
105668+104013,Hugh McAleer,UNDER-MERGE,id/id,2,1933,1938,5,5,,Nationalist Party,4,"same name, careers 1933-1933 then 1938-1938, gap 5y"
103963+104358,Robert Corkey,UNDER-MERGE,id/id,2,1933,1938,5,5,,UUP,4,"same name, careers 1933-1933 then 1938-1938, gap 5y"
106240+103965,2nd Baron Glentoran Daniel Dixon,UNDER-MERGE,id/id,2,1953,1958,5,5,,UUP,4,"same name, careers 1953-1953 then 1958-1958, gap 5y"
104369+106127,Harry Midgley,UNDER-MERGE,id/id,2,1933,1938,5,5,,NI Labour,4,"same name, careers 1933-1933 then 1938-1938, gap 5y"
105798+104821,John Milne Barbour,UNDER-MERGE,id/id,2,1933,1938,5,5,,UUP,4,"same name, careers 1933-1933 then 1938-1938, gap 5y"
104304+105491,Brian Maginess,UNDER-MERGE,id/id,2,1953,1958,5,5,,UUP,4,"same name, careers 1953-1953 then 1958-1958, gap 5y"
104311+103991,George Forrest,UNDER-MERGE,id/id,2,1959,1964,5,5,,UUP,4,"same name, careers 1959-1959 then 1964-1964, gap 5y"
106059+103997,Frank Hanna,UNDER-MERGE,id/id,2,1953,1958,5,5,,Ind. Labour Group / Independent Labour,4,"same name, careers 1953-1953 then 1958-1958, gap 5y"
104571+105774,Henry Mulholland,UNDER-MERGE,id/id,2,1933,1938,5,5,,UUP,4,"same name, careers 1933-1933 then 1938-1938, gap 5y"
105750+104010,James Norman Fulton,UNDER-MERGE,id/id,2,1933,1938,5,5,,UUP,4,"same name, careers 1933-1933 then 1938-1938, gap 5y"
105019+104122,John Edgar Bailey,UNDER-MERGE,id/id,2,1953,1958,5,5,,UUP,4,"same name, careers 1953-1953 then 1958-1958, gap 5y"
105704+104506,Roderick O'Connor,UNDER-MERGE,id/id,2,1953,1958,5,5,,Nationalist Party,4,"same name, careers 1953-1953 then 1958-1958, gap 5y"
105037+104127,Harry Diamond,UNDER-MERGE,id/id,2,1953,1958,5,5,,Republican Labour,4,"same name, careers 1953-1953 then 1958-1958, gap 5y"
104030+104129,Robert Lynn,UNDER-MERGE,id/id,2,1924,1929,5,5,,UUP,4,"same name, careers 1924-1924 then 1929-1929, gap 5y"
105282+104580,Robert Lynn,UNDER-MERGE,id/id,2,1933,1938,5,5,,UUP,4,"same name, careers 1933-1933 then 1938-1938, gap 5y"
104043+105749,George Charles Gillespie Young,UNDER-MERGE,id/id,2,1933,1938,5,5,,UUP,4,"same name, careers 1933-1933 then 1938-1938, gap 5y"
104869+104139,Norman Porter,UNDER-MERGE,id/id,2,1953,1958,5,5,,Independent Unionist,4,"same name, careers 1953-1953 then 1958-1958, gap 5y"
104055+104164,Edward Warburton Jones,UNDER-MERGE,id/id,2,1953,1958,5,5,,UUP,4,"same name, careers 1953-1953 then 1958-1958, gap 5y"
106114+104065,Brian McConnell,UNDER-MERGE,id/id,2,1953,1958,5,5,,UUP,4,"same name, careers 1953-1953 then 1958-1958, gap 5y"
105582+105706,Edmond Warnock,UNDER-MERGE,id/id,2,1953,1958,5,5,,UUP,4,"same name, careers 1953-1953 then 1958-1958, gap 5y"
104076+105369,Robert Moore,UNDER-MERGE,id/id,2,1953,1958,5,5,,UUP,4,"same name, careers 1953-1953 then 1958-1958, gap 5y"
105793+104931,Richard Byrne,UNDER-MERGE,id/id,2,1933,1938,5,5,,Nationalist Party,4,"same name, careers 1933-1933 then 1938-1938, gap 5y"
105944+104577,Samuel Cunningham,UNDER-MERGE,id/id,2,1959,1964,5,5,,UUP,4,"same name, careers 1959-1959 then 1964-1964, gap 5y"
105165+105738,Hugh Gage,UNDER-MERGE,id/id,2,1945,1950,5,5,,UUP,4,"same name, careers 1945-1945 then 1950-1950, gap 5y"
104309+104176,Norman Searight,UNDER-MERGE,id/id,2,1953,1958,5,5,,NI Labour,4,"same name, careers 1953-1953 then 1958-1958, gap 5y"
105674+105274,John Clarke Davison,UNDER-MERGE,id/id,2,1933,1938,5,5,,UUP,4,"same name, careers 1933-1933 then 1938-1938, gap 5y"
105591+104163,Robert Simpson,UNDER-MERGE,id/id,2,1953,1958,5,5,,UUP,4,"same name, careers 1953-1953 then 1958-1958, gap 5y"
104166+104822,Robert O'Neill,UNDER-MERGE,id/id,2,1924,1929,5,5,,UUP,4,"same name, careers 1924-1924 then 1929-1929, gap 5y"
106082+104211,Robert O'Neill,UNDER-MERGE,id/id,2,1945,1950,5,5,,UUP,4,"same name, careers 1945-1945 then 1950-1950, gap 5y"
105270+105654,William Frederick McCoy,UNDER-MERGE,id/id,2,1953,1958,5,5,,UUP,4,"same name, careers 1953-1953 then 1958-1958, gap 5y"
105258+104182,Frederick McSorley,UNDER-MERGE,id/id,2,1933,1938,5,5,,Independent,4,"same name, careers 1933-1933 then 1938-1938, gap 5y"
105440+104186,Robert James Johnstone,UNDER-MERGE,id/id,2,1933,1938,5,5,,UUP,4,"same name, careers 1933-1933 then 1938-1938, gap 5y"
104189+104362,John Fawcett Gordon,UNDER-MERGE,id/id,2,1933,1938,5,5,,UUP,4,"same name, careers 1933-1933 then 1938-1938, gap 5y"
105893+104440,Terence O'Neill,UNDER-MERGE,id/id,2,1953,1958,5,5,,UUP,4,"same name, careers 1953-1953 then 1958-1958, gap 5y"
105085+104221,Henry Holmes,UNDER-MERGE,id/id,2,1953,1958,5,5,,UUP,4,"same name, careers 1953-1953 then 1958-1958, gap 5y"
106065+104330,David Reid,UNDER-MERGE,id/id,2,1924,1929,5,5,,UUP,4,"same name, careers 1924-1924 then 1929-1929, gap 5y"
105996+104389,Elizabeth Maconachie,UNDER-MERGE,id/id,2,1953,1958,5,5,,UUP,4,"same name, careers 1953-1953 then 1958-1958, gap 5y"
105843+105055,Rowley Elliott,UNDER-MERGE,id/id,2,1933,1938,5,5,,UUP,4,"same name, careers 1933-1933 then 1938-1938, gap 5y"
104582+104349,Captain The 1st Viscount Brookeborough,UNDER-MERGE,id/id,2,1933,1938,5,5,,UUP,4,"same name, careers 1933-1933 then 1938-1938, gap 5y"
106287+105102,Captain The 1st Viscount Brookeborough,UNDER-MERGE,id/id,2,1953,1958,5,5,,UUP,4,"same name, careers 1953-1953 then 1958-1958, gap 5y"
105577+104412,Arthur Black,UNDER-MERGE,id/id,2,1933,1938,5,5,,UUP,4,"same name, careers 1933-1933 then 1938-1938, gap 5y"
106242+105543,Dawson Bates,UNDER-MERGE,id/id,2,1933,1938,5,5,,UUP,4,"same name, careers 1933-1933 then 1938-1938, gap 5y"
104471+104570,William McConnell Wilton,UNDER-MERGE,id/id,2,1933,1938,5,5,,Ind. Unionist Party / Independent Unionist,4,"same name, careers 1933-1933 then 1938-1938, gap 5y"
105570+104498,Walter Topping,UNDER-MERGE,id/id,2,1953,1958,5,5,,UUP,4,"same name, careers 1953-1953 then 1958-1958, gap 5y"
104532+104750,Róisín Mulgrew,UNDER-MERGE,id/id,2,2014,2019,5,5,,Sinn Féin,4,"same name, careers 2014-2014 then 2019-2019, gap 5y"
105580+104597,Anthony Mulvey,UNDER-MERGE,id/id,2,1945,1950,5,5,,Nationalist Party,4,"same name, careers 1945-1945 then 1950-1950, gap 5y"
105844+105959,1st Viscount Craigavon James Craig,UNDER-MERGE,id/id,2,1933,1938,5,5,,UUP,4,"same name, careers 1933-1933 then 1938-1938, gap 5y"
105311+104621,Ireland,UNDER-MERGE,id/id,2,2014,2019,5,5,,Alliance / Green,4,"same name, careers 2014-2014 then 2019-2019, gap 5y"
105863+105670,James Pringle,UNDER-MERGE,id/id,2,1924,1929,5,5,,Local Option / UUP,4,"same name, careers 1924-1924 then 1929-1929, gap 5y"
104803+105648,Victor Scott McVea,UNDER-MERGE,id/id,2,1953,1958,5,5,,Independent Unionist,4,"same name, careers 1953-1953 then 1958-1958, gap 5y"
105227+105295,Edward Sullivan Murphy,UNDER-MERGE,id/id,2,1933,1938,5,5,,UUP,4,"same name, careers 1933-1933 then 1938-1938, gap 5y"
104836+105183,T. J. Kelly,UNDER-MERGE,id/id,2,1953,1958,5,5,,Irish Labour,4,"same name, careers 1953-1953 then 1958-1958, gap 5y"
105187+104855,Ann Marie Fitzgerald,UNDER-MERGE,id/id,2,2014,2019,5,5,,Sinn Féin,4,"same name, careers 2014-2014 then 2019-2019, gap 5y"
106184+106044,Walter Smiles,UNDER-MERGE,id/id,2,1945,1950,5,5,,UUP,4,"same name, careers 1945-1945 then 1950-1950, gap 5y"
106309+105696,Frederick Lloyd-Dodd,UNDER-MERGE,id/id,2,1953,1958,5,5,,UUP,4,"same name, careers 1953-1953 then 1958-1958, gap 5y"
106039+106146,Bill Henderson,UNDER-MERGE,id/id,2,1953,1958,5,5,,UUP,4,"same name, careers 1953-1953 then 1958-1958, gap 5y"
106158+106268,Seamus MacKearney,UNDER-MERGE,id/id,2,1953,1958,5,5,,Independent Irish Labour,4,"same name, careers 1953-1953 then 1958-1958, gap 5y"
104786+1199,James Stronge,UNDER-MERGE,id/id,2,1969,1973,4,4,,UUP,4,"same name, careers 1969-1969 then 1973-1973, gap 4y"
104357+104268,Lawrence Orr,UNDER-MERGE,id/id,2,1951,1955,4,4,,UUP,4,"same name, careers 1951-1951 then 1955-1955, gap 4y"
104268+104174,Lawrence Orr,UNDER-MERGE,id/id,2,1955,1959,4,4,,UUP,4,"same name, careers 1955-1955 then 1959-1959, gap 4y"
104338+104482,Billy Boyd,UNDER-MERGE,id/id,2,1958,1962,4,4,,NI Labour,4,"same name, careers 1958-1958 then 1962-1962, gap 4y"
103805+103917,Billy Boyd,UNDER-MERGE,id/id,2,1965,1969,4,4,,NI Labour,4,"same name, careers 1965-1965 then 1969-1969, gap 4y"
105280+105220,Eddie McAteer,UNDER-MERGE,id/id,2,1945,1949,4,4,,Nationalist Party,4,"same name, careers 1945-1945 then 1949-1949, gap 4y"
105220+104125,Eddie McAteer,UNDER-MERGE,id/id,2,1949,1953,4,4,,Nationalist Party,4,"same name, careers 1949-1949 then 1953-1953, gap 4y"
104087+105015,Eddie McAteer,UNDER-MERGE,id/id,2,1958,1962,4,4,,Nationalist Party,4,"same name, careers 1958-1958 then 1962-1962, gap 4y"
106154+105764,Eddie McAteer,UNDER-MERGE,id/id,2,1965,1969,4,4,,Nationalist Party,4,"same name, careers 1965-1965 then 1969-1969, gap 4y"
105764+8355,Eddie McAteer,UNDER-MERGE,id/id,3,1969,1973,4,1,,Nationalist Party,4,"same name, careers 1969-1969 then 1970-1973, gap 1y"
9350+108487,Ivan Cooper,UNDER-MERGE,id/id,5,1973,1977,4,2,,SDLP,4,"same name, careers 1973-1975 then 1977-1977, gap 2y"
9619+106260,Robert James Mitchell,UNDER-MERGE,id/id,2,1969,1973,4,4,,UUP,4,"same name, careers 1969-1969 then 1973-1973, gap 4y"
104968+105572,John Dobson,UNDER-MERGE,id/id,2,1965,1969,4,4,,UUP,4,"same name, careers 1965-1965 then 1969-1969, gap 4y"
15892+104903,Robin Chichester-Clark,UNDER-MERGE,id/id,2,1955,1959,4,4,,UUP,4,"same name, careers 1955-1955 then 1959-1959, gap 4y"
104105+104497,Robin Chichester-Clark,UNDER-MERGE,id/id,2,1966,1970,4,4,,UUP,4,"same name, careers 1966-1966 then 1970-1970, gap 4y"
105545+105581,Austin Currie,UNDER-MERGE,id/id,2,1965,1969,4,4,,Nationalist Party,4,"same name, careers 1965-1965 then 1969-1969, gap 4y"
106313+20432,Paddy Kennedy,UNDER-MERGE,id/id,2,1969,1973,4,4,,Republican Labour,4,"same name, careers 1969-1969 then 1973-1973, gap 4y"
103930+104160,James O'Reilly,UNDER-MERGE,id/id,2,1958,1962,4,4,,Nationalist Party,4,"same name, careers 1958-1958 then 1962-1962, gap 4y"
106185+26372,James O'Reilly,UNDER-MERGE,id/id,2,1965,1969,4,4,,Nationalist Party,4,"same name, careers 1965-1965 then 1969-1969, gap 4y"
26372+104933,James O'Reilly,UNDER-MERGE,id/id,2,1969,1973,4,4,,Independent Nationalist / Nationalist Party,4,"same name, careers 1969-1969 then 1973-1973, gap 4y"
105804+105036,Harry West,UNDER-MERGE,id/id,2,1954,1958,4,4,,UUP,4,"same name, careers 1954-1954 then 1958-1958, gap 4y"
105036+105540,Harry West,UNDER-MERGE,id/id,2,1958,1962,4,4,,UUP,4,"same name, careers 1958-1958 then 1962-1962, gap 4y"
104578+103870,Harry West,UNDER-MERGE,id/id,2,1965,1969,4,4,,UUP,4,"same name, careers 1965-1965 then 1969-1969, gap 4y"
26719+104772,Mickey Coogan,UNDER-MERGE,id/id,3,2010,2014,4,3,,Independent / Sinn Féin,4,"same name, careers 2010-2011 then 2014-2014, gap 3y"
104646+105065,Phelim O'Neill,UNDER-MERGE,id/id,2,1958,1962,4,4,,UUP,4,"same name, careers 1958-1958 then 1962-1962, gap 4y"
104275+27185,Phelim O'Neill,UNDER-MERGE,id/id,2,1965,1969,4,4,,UUP,4,"same name, careers 1965-1965 then 1969-1969, gap 4y"
28437+105118,Philip Randle,UNDER-MERGE,id/id,2,2019,2023,4,4,,Green,4,"same name, careers 2019-2019 then 2023-2023, gap 4y"
33545+105087,Martin Kelly,UNDER-MERGE,id/id,3,2015,2019,4,3,,Aontú / CISTA,4,"same name, careers 2015-2016 then 2019-2019, gap 3y"
105644+105851,James Cooper,UNDER-MERGE,id/id,2,1921,1925,4,4,,UUP,4,"same name, careers 1921-1921 then 1925-1925, gap 4y"
39309+105005,Herbert Kirk,UNDER-MERGE,id/id,2,1958,1962,4,4,,UUP,4,"same name, careers 1958-1958 then 1962-1962, gap 4y"
105912+104424,Herbert Kirk,UNDER-MERGE,id/id,2,1965,1969,4,4,,UUP,4,"same name, careers 1965-1965 then 1969-1969, gap 4y"
104424+105391,Herbert Kirk,UNDER-MERGE,id/id,2,1969,1973,4,4,,UUP,4,"same name, careers 1969-1969 then 1973-1973, gap 4y"
105429+40503,Martyn Todd,UNDER-MERGE,id/id,2,2015,2019,4,4,,Alliance / Independent,4,"same name, careers 2015-2015 then 2019-2019, gap 4y"
43879+105556,Basil McIvor,UNDER-MERGE,id/id,2,1969,1973,4,4,,UUP,4,"same name, careers 1969-1969 then 1973-1973, gap 4y"
104586+105586,James Hamilton,UNDER-MERGE,id/id,2,1966,1970,4,4,,UUP,4,"same name, careers 1966-1966 then 1970-1970, gap 4y"
106145+104329,John Beattie,UNDER-MERGE,id/id,2,1951,1955,4,4,,Ir Lab,4,"same name, careers 1951-1951 then 1955-1955, gap 4y"
104025+105681,Henry Clark,UNDER-MERGE,id/id,2,1966,1970,4,4,,UUP,4,"same name, careers 1966-1966 then 1970-1970, gap 4y"
104195+104113,Brian Faulkner,UNDER-MERGE,id/id,2,1949,1953,4,4,,UUP,4,"same name, careers 1949-1949 then 1953-1953, gap 4y"
105593+104337,Brian Faulkner,UNDER-MERGE,id/id,2,1958,1962,4,4,,UUP,4,"same name, careers 1958-1958 then 1962-1962, gap 4y"
104267+106018,Brian Faulkner,UNDER-MERGE,id/id,2,1965,1969,4,4,,UUP,4,"same name, careers 1965-1965 then 1969-1969, gap 4y"
105895+106088,Nat Minford,UNDER-MERGE,id/id,2,1965,1969,4,4,,UUP,4,"same name, careers 1965-1965 then 1969-1969, gap 4y"
106088+105736,Nat Minford,UNDER-MERGE,id/id,2,1969,1973,4,4,,UUP,4,"same name, careers 1969-1969 then 1973-1973, gap 4y"
106017+103961,Roy Bradford,UNDER-MERGE,id/id,2,1965,1969,4,4,,UUP,4,"same name, careers 1965-1965 then 1969-1969, gap 4y"
57620+106002,John Stevenson,UNDER-MERGE,id/id,2,2010,2014,4,4,,Independent / PUP,4,"same name, careers 2010-2010 then 2014-2014, gap 4y"
105660+104082,David Campbell,UNDER-MERGE,id/id,2,1955,1959,4,4,,UUP,4,"same name, careers 1955-1955 then 1959-1959, gap 4y"
105799+108164,Jack Hassard,UNDER-MERGE,id/id,2,1973,1977,4,4,,Independent / Independent Unionist,4,"same name, careers 1973-1973 then 1977-1977, gap 4y"
105658+105807,John Quinn,UNDER-MERGE,id/id,2,1966,1970,4,4,,Ulster Liberal,4,"same name, careers 1966-1966 then 1970-1970, gap 4y"
104427+61434,John Coulthard,UNDER-MERGE,id/id,3,1969,1973,4,1,,NI Labour,4,"same name, careers 1969-1969 then 1970-1973, gap 1y"
106300+104564,Gerry Fitt,UNDER-MERGE,id/id,2,1958,1962,4,4,,Irish Labour,4,"same name, careers 1958-1958 then 1962-1962, gap 4y"
105682+105874,Tom Gormley,UNDER-MERGE,id/id,2,1958,1962,4,4,,Independent / Nationalist Party,4,"same name, careers 1958-1958 then 1962-1962, gap 4y"
104770+65292,Tom Gormley,UNDER-MERGE,id/id,2,1965,1969,4,4,,Nationalist Party,4,"same name, careers 1965-1965 then 1969-1969, gap 4y"
65292+105861,Tom Gormley,UNDER-MERGE,id/id,2,1969,1973,4,4,,Alliance / Nationalist Party,4,"same name, careers 1969-1969 then 1973-1973, gap 4y"
104324+104170,John McQuade,UNDER-MERGE,id/id,2,1965,1969,4,4,,UUP,4,"same name, careers 1965-1965 then 1969-1969, gap 4y"
102372+108035,Martin Gregg,UNDER-MERGE,id/id,3,2007,2011,4,0,,Green / Green / Ecology / Independent Other,4,"same name, careers 2007-2011 then 2011-2011, gap 0y"
106022+75337,Walter Scott,UNDER-MERGE,id/id,2,1965,1969,4,4,,UUP,4,"same name, careers 1965-1965 then 1969-1969, gap 4y"
75337+105988,Walter Scott,UNDER-MERGE,id/id,2,1969,1973,4,4,,UUP,4,"same name, careers 1969-1969 then 1973-1973, gap 4y"
104828+106092,Vivian Simpson,UNDER-MERGE,id/id,2,1958,1962,4,4,,NI Labour,4,"same name, careers 1958-1958 then 1962-1962, gap 4y"
104995+104001,Vivian Simpson,UNDER-MERGE,id/id,2,1965,1969,4,4,,NI Labour,4,"same name, careers 1965-1965 then 1969-1969, gap 4y"
104001+106043,Vivian Simpson,UNDER-MERGE,id/id,2,1969,1973,4,4,,NI Labour,4,"same name, careers 1969-1969 then 1973-1973, gap 4y"
105641+103946,Sheelagh Murnaghan,UNDER-MERGE,id/id,2,1962,1966,4,4,,Ulster Liberal,4,"same name, careers 1962-1962 then 1966-1966, gap 4y"
104987+106050,Sheelagh Murnaghan,UNDER-MERGE,id/id,2,1969,1973,4,4,,Ulster Liberal,4,"same name, careers 1969-1969 then 1973-1973, gap 4y"
104040+105794,John Taylor,UNDER-MERGE,id/id,2,1965,1969,4,4,,UUP,4,"same name, careers 1965-1965 then 1969-1969, gap 4y"
106294+84765,Richard Moore,UNDER-MERGE,id/id,2,1966,1970,4,4,,Ulster Liberal,4,"same name, careers 1966-1966 then 1970-1970, gap 4y"
105740+106123,Stratton Mills,UNDER-MERGE,id/id,2,1966,1970,4,4,,UUP,4,"same name, careers 1966-1966 then 1970-1970, gap 4y"
104481+104253,William Craig,UNDER-MERGE,id/id,2,1965,1969,4,4,,UUP,4,"same name, careers 1965-1965 then 1969-1969, gap 4y"
104022+105485,David Bleakley,UNDER-MERGE,id/id,2,1949,1953,4,4,,NI Labour,4,"same name, careers 1949-1949 then 1953-1953, gap 4y"
105646+105208,David Bleakley,UNDER-MERGE,id/id,2,1958,1962,4,4,,NI Labour,4,"same name, careers 1958-1958 then 1962-1962, gap 4y"
104702+105339,Jack Beattie,UNDER-MERGE,id/id,2,1925,1929,4,4,,NI Labour,4,"same name, careers 1925-1925 then 1929-1929, gap 4y"
105339+104430,Jack Beattie,UNDER-MERGE,id/id,2,1929,1933,4,4,,NI Labour,4,"same name, careers 1929-1929 then 1933-1933, gap 4y"
104354+105956,Jack Beattie,UNDER-MERGE,id/id,2,1945,1949,4,4,,Independent Labour,4,"same name, careers 1945-1945 then 1949-1949, gap 4y"
105956+99944,Jack Beattie,UNDER-MERGE,id/id,2,1949,1953,4,4,,Independent Labour / Irish Labour,4,"same name, careers 1949-1949 then 1953-1953, gap 4y"
105252+105748,Éamon de Valera,UNDER-MERGE,id/id,2,1921,1925,4,4,,Republican / Sinn Féin,4,"same name, careers 1921-1921 then 1925-1925, gap 4y"
105553+104106,James Craig,UNDER-MERGE,id/id,2,1921,1925,4,4,,UUP,4,"same name, careers 1921-1921 then 1925-1925, gap 4y"
105699+104420,Alexander Hunter,UNDER-MERGE,id/id,2,1958,1962,4,4,,UUP,4,"same name, careers 1958-1958 then 1962-1962, gap 4y"
105818+104524,John Campbell,UNDER-MERGE,id/id,2,1921,1925,4,4,,UUP,4,"same name, careers 1921-1921 then 1925-1925, gap 4y"
101406+103929,Thomas Mitchell,UNDER-MERGE,id/id,4,1955,1959,4,3,,Sinn Féin,4,"same name, careers 1955-1956 then 1959-1959, gap 3y"
105809+104534,John Johnston,UNDER-MERGE,id/id,2,1929,1933,4,4,,UUP,4,"same name, careers 1929-1929 then 1933-1933, gap 4y"
104927+104811,William Stewart,UNDER-MERGE,id/id,2,1931,1935,4,4,,UUP,4,"same name, careers 1931-1931 then 1935-1935, gap 4y"
103998+105991,William McCullough,UNDER-MERGE,id/id,2,1945,1949,4,4,,Communist (NI),4,"same name, careers 1945-1945 then 1949-1949, gap 4y"
105483+104435,Thomas Lyons,UNDER-MERGE,id/id,2,1945,1949,4,4,,UUP,4,"same name, careers 1945-1945 then 1949-1949, gap 4y"
104435+105354,Thomas Lyons,UNDER-MERGE,id/id,2,1949,1953,4,4,,UUP,4,"same name, careers 1949-1949 then 1953-1953, gap 4y"
104066+105156,Thomas Lyons,UNDER-MERGE,id/id,2,1958,1962,4,4,,UUP,4,"same name, careers 1958-1958 then 1962-1962, gap 4y"
105832+103968,John Glass,UNDER-MERGE,id/id,2,1938,1942,4,4,,NI Labour,4,"same name, careers 1938-1938 then 1942-1942, gap 4y"
104871+105309,Dónal Lyons,UNDER-MERGE,id/id,2,2019,2023,4,4,,SDLP,4,"same name, careers 2019-2019 then 2023-2023, gap 4y"
105735+103922,Patrick O'Neill,UNDER-MERGE,id/id,2,1925,1929,4,4,,Nationalist Party,4,"same name, careers 1925-1925 then 1929-1929, gap 4y"
103922+104859,Patrick O'Neill,UNDER-MERGE,id/id,2,1929,1933,4,4,,Nationalist Party,4,"same name, careers 1929-1929 then 1933-1933, gap 4y"
103932+103846,Ronald Ross,UNDER-MERGE,id/id,2,1931,1935,4,4,,UUP,4,"same name, careers 1931-1931 then 1935-1935, gap 4y"
103806+104686,Robert Caldwell,UNDER-MERGE,id/id,2,1965,1969,4,4,,NI Labour,4,"same name, careers 1965-1965 then 1969-1969, gap 4y"
106093+104310,Isaac Hawthorne,UNDER-MERGE,id/id,2,1958,1962,4,4,,UUP,4,"same name, careers 1958-1958 then 1962-1962, gap 4y"
104795+105917,Samuel Hall-Thompson,UNDER-MERGE,id/id,2,1929,1933,4,4,,UUP,4,"same name, careers 1929-1929 then 1933-1933, gap 4y"
103809+105569,Samuel Hall-Thompson,UNDER-MERGE,id/id,2,1945,1949,4,4,,UUP,4,"same name, careers 1945-1945 then 1949-1949, gap 4y"
105569+103970,Samuel Hall-Thompson,UNDER-MERGE,id/id,2,1949,1953,4,4,,UUP,4,"same name, careers 1949-1949 then 1953-1953, gap 4y"
105762+104120,William James Morgan,UNDER-MERGE,id/id,2,1949,1953,4,4,,UUP,4,"same name, careers 1949-1949 then 1953-1953, gap 4y"
105279+103810,William James Morgan,UNDER-MERGE,id/id,2,1965,1969,4,4,,UUP,4,"same name, careers 1965-1965 then 1969-1969, gap 4y"
106274+106173,Joe Connellan,UNDER-MERGE,id/id,2,1949,1953,4,4,,Nationalist Party,4,"same name, careers 1949-1949 then 1953-1953, gap 4y"
106111+103887,Joe Connellan,UNDER-MERGE,id/id,2,1958,1962,4,4,,Nationalist Party,4,"same name, careers 1958-1958 then 1962-1962, gap 4y"
105724+104323,Ivan Neill,UNDER-MERGE,id/id,2,1949,1953,4,4,,UUP,4,"same name, careers 1949-1949 then 1953-1953, gap 4y"
104422+103837,Ivan Neill,UNDER-MERGE,id/id,2,1958,1962,4,4,,UUP,4,"same name, careers 1958-1958 then 1962-1962, gap 4y"
103817+104339,Ivan Neill,UNDER-MERGE,id/id,2,1965,1969,4,4,,UUP,4,"same name, careers 1965-1965 then 1969-1969, gap 4y"
105964+106063,Thomas Sinclair,UNDER-MERGE,id/id,2,1931,1935,4,4,,UUP,4,"same name, careers 1931-1931 then 1935-1935, gap 4y"
103819+103992,John William Nixon,UNDER-MERGE,id/id,2,1925,1929,4,4,,Independent Unionist / UUP,4,"same name, careers 1925-1925 then 1929-1929, gap 4y"
103992+105688,John William Nixon,UNDER-MERGE,id/id,2,1929,1933,4,4,,Independent Unionist,4,"same name, careers 1929-1929 then 1933-1933, gap 4y"
104355+104039,John William Nixon,UNDER-MERGE,id/id,2,1945,1949,4,4,,Independent Unionist,4,"same name, careers 1945-1945 then 1949-1949, gap 4y"
105831+103848,Tommy Henderson,UNDER-MERGE,id/id,2,1925,1929,4,4,,Independent Unionist,4,"same name, careers 1925-1925 then 1929-1929, gap 4y"
103848+104550,Tommy Henderson,UNDER-MERGE,id/id,2,1929,1933,4,4,,Independent Unionist,4,"same name, careers 1929-1929 then 1933-1933, gap 4y"
104541+106247,Thomas Harbison,UNDER-MERGE,id/id,2,1925,1929,4,4,,Nationalist Party,4,"same name, careers 1925-1925 then 1929-1929, gap 4y"
104259+103828,Samuel Rodgers,UNDER-MERGE,id/id,2,1945,1949,4,4,,UUP,4,"same name, careers 1945-1945 then 1949-1949, gap 4y"
103828+105276,Samuel Rodgers,UNDER-MERGE,id/id,2,1949,1953,4,4,,UUP,4,"same name, careers 1949-1949 then 1953-1953, gap 4y"
105574+103829,Manus Canning,UNDER-MERGE,id/id,2,1955,1959,4,4,,Sinn Féin,4,"same name, careers 1955-1955 then 1959-1959, gap 4y"
104493+103832,Dinah McNabb,UNDER-MERGE,id/id,2,1945,1949,4,4,,UUP,4,"same name, careers 1945-1945 then 1949-1949, gap 4y"
103832+104458,Dinah McNabb,UNDER-MERGE,id/id,2,1949,1953,4,4,,UUP,4,"same name, careers 1949-1949 then 1953-1953, gap 4y"
105962+104385,Dinah McNabb,UNDER-MERGE,id/id,2,1958,1962,4,4,,UUP,4,"same name, careers 1958-1958 then 1962-1962, gap 4y"
104260+104033,William May,UNDER-MERGE,id/id,2,1949,1953,4,4,,UUP,4,"same name, careers 1949-1949 then 1953-1953, gap 4y"
103838+104092,John Henry Collins,UNDER-MERGE,id/id,2,1925,1929,4,4,,Nationalist Party,4,"same name, careers 1925-1925 then 1929-1929, gap 4y"
104172+103841,William Kennedy,UNDER-MERGE,id/id,2,1965,1969,4,4,,UUP,4,"same name, careers 1965-1965 then 1969-1969, gap 4y"
105175+106199,George Currie,UNDER-MERGE,id/id,2,1955,1959,4,4,,UUP,4,"same name, careers 1955-1955 then 1959-1959, gap 4y"
104365+103849,Jack Andrews,UNDER-MERGE,id/id,2,1958,1962,4,4,,UUP,4,"same name, careers 1958-1958 then 1962-1962, gap 4y"
103851+104907,Thomas Loftus Cole,UNDER-MERGE,id/id,2,1949,1953,4,4,,UUP,4,"same name, careers 1949-1949 then 1953-1953, gap 4y"
104002+104511,Alex Donnelly,UNDER-MERGE,id/id,2,1929,1933,4,4,,Nationalist Party,4,"same name, careers 1929-1929 then 1933-1933, gap 4y"
104083+103855,Philip James Woods,UNDER-MERGE,id/id,2,1925,1929,4,4,,Independent Unionist,4,"same name, careers 1925-1925 then 1929-1929, gap 4y"
105708+104386,Joseph Devlin,UNDER-MERGE,id/id,2,1921,1925,4,4,,Nationalist Party,4,"same name, careers 1921-1921 then 1925-1925, gap 4y"
104386+103901,Joseph Devlin,UNDER-MERGE,id/id,2,1925,1929,4,4,,Nationalist Party,4,"same name, careers 1925-1925 then 1929-1929, gap 4y"
103953+103955,Thomas Bailie,UNDER-MERGE,id/id,2,1941,1945,4,4,,Independent Unionist / UUP,4,"same name, careers 1941-1941 then 1945-1945, gap 4y"
103955+103866,Thomas Bailie,UNDER-MERGE,id/id,2,1945,1949,4,4,,UUP,4,"same name, careers 1945-1945 then 1949-1949, gap 4y"
103866+106297,Thomas Bailie,UNDER-MERGE,id/id,2,1949,1953,4,4,,Independent Unionist / UUP,4,"same name, careers 1949-1949 then 1953-1953, gap 4y"
105976+105367,James Chichester-Clark,UNDER-MERGE,id/id,2,1965,1969,4,4,,UUP,4,"same name, careers 1965-1965 then 1969-1969, gap 4y"
103869+104461,George Boyle Hanna,UNDER-MERGE,id/id,2,1921,1925,4,4,,UUP,4,"same name, careers 1921-1921 then 1925-1925, gap 4y"
104461+106262,George Boyle Hanna,UNDER-MERGE,id/id,2,1925,1929,4,4,,UUP,4,"same name, careers 1925-1925 then 1929-1929, gap 4y"
106262+105159,George Boyle Hanna,UNDER-MERGE,id/id,2,1929,1933,4,4,,UUP,4,"same name, careers 1929-1929 then 1933-1933, gap 4y"
104272+105426,George Boyle Hanna,UNDER-MERGE,id/id,2,1949,1953,4,4,,UUP,4,"same name, careers 1949-1949 then 1953-1953, gap 4y"
108841+105785,Charles Craig,UNDER-MERGE,name/id,2,1918,1922,4,4,,UUP / Unionist,4,"same name, careers 1918-1918 then 1922-1922, gap 4y"
103873+104559,Thomas Boyd,UNDER-MERGE,id/id,2,1951,1955,4,4,,NI Labour,4,"same name, careers 1951-1951 then 1955-1955, gap 4y"
104147+105729,Dehra Parker,UNDER-MERGE,id/id,2,1945,1949,4,4,,UUP,4,"same name, careers 1945-1945 then 1949-1949, gap 4y"
105729+103875,Dehra Parker,UNDER-MERGE,id/id,2,1949,1953,4,4,,UUP,4,"same name, careers 1949-1949 then 1953-1953, gap 4y"
104814+105361,William Hinds,UNDER-MERGE,id/id,2,1958,1962,4,4,,UUP,4,"same name, careers 1958-1958 then 1962-1962, gap 4y"
103877+104234,William Hinds,UNDER-MERGE,id/id,2,1965,1969,4,4,,UUP,4,"same name, careers 1965-1965 then 1969-1969, gap 4y"
104045+104474,Cahir Healy,UNDER-MERGE,id/id,2,1925,1929,4,4,,Nationalist Party,4,"same name, careers 1925-1925 then 1929-1929, gap 4y"
105703+106101,Cahir Healy,UNDER-MERGE,id/id,2,1945,1949,4,4,,Nationalist Party,4,"same name, careers 1945-1945 then 1949-1949, gap 4y"
105834+105980,Cahir Healy,UNDER-MERGE,id/id,2,1958,1962,4,4,,Nationalist Party,4,"same name, careers 1958-1958 then 1962-1962, gap 4y"
104438+105080,Tom Boyd,UNDER-MERGE,id/id,2,1949,1953,4,4,,NI Labour,4,"same name, careers 1949-1949 then 1953-1953, gap 4y"
104592+103882,Tom Boyd,UNDER-MERGE,id/id,2,1958,1962,4,4,,NI Labour,4,"same name, careers 1958-1958 then 1962-1962, gap 4y"
104051+104143,Thomas Moles,UNDER-MERGE,id/id,2,1925,1929,4,4,,UUP,4,"same name, careers 1925-1925 then 1929-1929, gap 4y"
104143+104976,Thomas Moles,UNDER-MERGE,id/id,2,1929,1933,4,4,,UUP,4,"same name, careers 1929-1929 then 1933-1933, gap 4y"
105098+106230,Joseph Francis Stewart,UNDER-MERGE,id/id,2,1929,1933,4,4,,Nationalist Party,4,"same name, careers 1929-1929 then 1933-1933, gap 4y"
105333+105529,Joseph Francis Stewart,UNDER-MERGE,id/id,2,1945,1949,4,4,,Nationalist Party,4,"same name, careers 1945-1945 then 1949-1949, gap 4y"
105529+104467,Joseph Francis Stewart,UNDER-MERGE,id/id,2,1949,1953,4,4,,Nationalist Party,4,"same name, careers 1949-1949 then 1953-1953, gap 4y"
105829+103894,Joseph Francis Stewart,UNDER-MERGE,id/id,2,1958,1962,4,4,,Nationalist Party,4,"same name, careers 1958-1958 then 1962-1962, gap 4y"
103895+106200,John Martin Mark,UNDER-MERGE,id/id,2,1921,1925,4,4,,UUP,4,"same name, careers 1921-1921 then 1925-1925, gap 4y"
106200+104518,John Martin Mark,UNDER-MERGE,id/id,2,1925,1929,4,4,,UUP,4,"same name, careers 1925-1925 then 1929-1929, gap 4y"
104518+105721,John Martin Mark,UNDER-MERGE,id/id,2,1929,1933,4,4,,UUP,4,"same name, careers 1929-1929 then 1933-1933, gap 4y"
105838+103897,Billy McMullen,UNDER-MERGE,id/id,2,1925,1929,4,4,,NI Labour,4,"same name, careers 1925-1925 then 1929-1929, gap 4y"
106236+103898,Joseph Campbell,UNDER-MERGE,id/id,2,1955,1959,4,4,,Sinn Féin,4,"same name, careers 1955-1955 then 1959-1959, gap 4y"
106269+103900,Albert McElroy,UNDER-MERGE,id/id,2,1958,1962,4,4,,Ulster Liberal,4,"same name, careers 1958-1958 then 1962-1962, gap 4y"
104079+103902,Robert McNeill,UNDER-MERGE,id/id,2,1929,1933,4,4,,Independent Unionist,4,"same name, careers 1929-1929 then 1933-1933, gap 4y"
105600+103996,Paddy Gormley,UNDER-MERGE,id/id,2,1958,1962,4,4,,Nationalist Party,4,"same name, careers 1958-1958 then 1962-1962, gap 4y"
106140+104052,Paddy Gormley,UNDER-MERGE,id/id,2,1965,1969,4,4,,Nationalist Party,4,"same name, careers 1965-1965 then 1969-1969, gap 4y"
105560+103907,William Grant,UNDER-MERGE,id/id,2,1921,1925,4,4,,UUP,4,"same name, careers 1921-1921 then 1925-1925, gap 4y"
103907+105870,William Grant,UNDER-MERGE,id/id,2,1925,1929,4,4,,UUP,4,"same name, careers 1925-1925 then 1929-1929, gap 4y"
105870+104036,William Grant,UNDER-MERGE,id/id,2,1929,1933,4,4,,UUP,4,"same name, careers 1929-1929 then 1933-1933, gap 4y"
103982+105451,William Grant,UNDER-MERGE,id/id,2,1945,1949,4,4,,UUP,4,"same name, careers 1945-1945 then 1949-1949, gap 4y"
104835+106095,Robert Samuel Nixon,UNDER-MERGE,id/id,2,1958,1962,4,4,,UUP,4,"same name, careers 1958-1958 then 1962-1962, gap 4y"
105968+104418,J. M. Andrews,UNDER-MERGE,id/id,2,1921,1925,4,4,,UUP,4,"same name, careers 1921-1921 then 1925-1925, gap 4y"
104418+104513,J. M. Andrews,UNDER-MERGE,id/id,2,1925,1929,4,4,,UUP,4,"same name, careers 1925-1925 then 1929-1929, gap 4y"
104513+105971,J. M. Andrews,UNDER-MERGE,id/id,2,1929,1933,4,4,,UUP,4,"same name, careers 1929-1929 then 1933-1933, gap 4y"
105219+103912,J. M. Andrews,UNDER-MERGE,id/id,2,1945,1949,4,4,,UUP,4,"same name, careers 1945-1945 then 1949-1949, gap 4y"
104322+104231,William J. Allen,UNDER-MERGE,id/id,2,1931,1935,4,4,,UUP,4,"same name, careers 1931-1931 then 1935-1935, gap 4y"
104711+103916,Michael McGurk,UNDER-MERGE,id/id,2,1941,1945,4,4,,Nationalist Party,4,"same name, careers 1941-1941 then 1945-1945, gap 4y"
104251+103919,Hugh Minford,UNDER-MERGE,id/id,2,1929,1933,4,4,,UUP,4,"same name, careers 1929-1929 then 1933-1933, gap 4y"
105296+105885,Hugh Minford,UNDER-MERGE,id/id,2,1945,1949,4,4,,UUP,4,"same name, careers 1945-1945 then 1949-1949, gap 4y"
103925+104136,Crawford McCullagh,UNDER-MERGE,id/id,2,1921,1925,4,4,,UUP,4,"same name, careers 1921-1921 then 1925-1925, gap 4y"
106204+106014,William McCleery,UNDER-MERGE,id/id,2,1945,1949,4,4,,UUP,4,"same name, careers 1945-1945 then 1949-1949, gap 4y"
106014+103927,William McCleery,UNDER-MERGE,id/id,2,1949,1953,4,4,,UUP,4,"same name, careers 1949-1949 then 1953-1953, gap 4y"
103949+105511,David Shillington,UNDER-MERGE,id/id,2,1929,1933,4,4,,UUP,4,"same name, careers 1929-1929 then 1933-1933, gap 4y"
105965+105241,Robert McBride,UNDER-MERGE,id/id,2,1921,1925,4,4,,UUP,4,"same name, careers 1921-1921 then 1925-1925, gap 4y"
105241+103933,Robert McBride,UNDER-MERGE,id/id,2,1925,1929,4,4,,UUP,4,"same name, careers 1925-1925 then 1929-1929, gap 4y"
106137+103934,George Leeke,UNDER-MERGE,id/id,2,1921,1925,4,4,,Nationalist Party,4,"same name, careers 1921-1921 then 1925-1925, gap 4y"
103934+106165,George Leeke,UNDER-MERGE,id/id,2,1925,1929,4,4,,Nationalist Party,4,"same name, careers 1925-1925 then 1929-1929, gap 4y"
106165+104228,George Leeke,UNDER-MERGE,id/id,2,1929,1933,4,4,,Nationalist Party,4,"same name, careers 1929-1929 then 1933-1933, gap 4y"
105215+103937,John Dillon Nugent,UNDER-MERGE,id/id,2,1921,1925,4,4,,Nationalist Party,4,"same name, careers 1921-1921 then 1925-1925, gap 4y"
103939+104561,Herbert Dixon,UNDER-MERGE,id/id,2,1925,1929,4,4,,UUP,4,"same name, careers 1925-1925 then 1929-1929, gap 4y"
104376+104553,Herbert Dixon,UNDER-MERGE,id/id,2,1931,1935,4,4,,UUP,4,"same name, careers 1931-1931 then 1935-1935, gap 4y"
103947+105016,(Sir) Norman Stronge,UNDER-MERGE,id/id,2,1945,1949,4,4,,UUP,4,"same name, careers 1945-1945 then 1949-1949, gap 4y"
105016+104000,(Sir) Norman Stronge,UNDER-MERGE,id/id,2,1949,1953,4,4,,UUP,4,"same name, careers 1949-1949 then 1953-1953, gap 4y"
104103+106005,(Sir) Norman Stronge,UNDER-MERGE,id/id,2,1958,1962,4,4,,UUP,4,"same name, careers 1958-1958 then 1962-1962, gap 4y"
105075+103952,Malachy Trainor,UNDER-MERGE,id/id,2,1958,1962,4,4,,Independent Labour,4,"same name, careers 1958-1958 then 1962-1962, gap 4y"
104254+103977,Francis McGlade,UNDER-MERGE,id/id,2,1955,1959,4,4,,Sinn Féin,4,"same name, careers 1955-1955 then 1959-1959, gap 4y"
103960+105668,Hugh McAleer,UNDER-MERGE,id/id,2,1929,1933,4,4,,Nationalist Party,4,"same name, careers 1929-1929 then 1933-1933, gap 4y"
103962+103988,L. T. O'Kane,UNDER-MERGE,id/id,2,1965,1969,4,4,,Independent / New Ireland Movement,4,"same name, careers 1965-1965 then 1969-1969, gap 4y"
104185+103963,Robert Corkey,UNDER-MERGE,id/id,2,1929,1933,4,4,,UUP,4,"same name, careers 1929-1929 then 1933-1933, gap 4y"
104994+104291,Harry Midgley,UNDER-MERGE,id/id,2,1941,1945,4,4,,Commonwealth Labour Party / NI Labour,4,"same name, careers 1941-1941 then 1945-1945, gap 4y"
105700+104047,Harry Midgley,UNDER-MERGE,id/id,2,1945,1949,4,4,,CWLP / UUP,4,"same name, careers 1945-1945 then 1949-1949, gap 4y"
104047+104285,Harry Midgley,UNDER-MERGE,id/id,2,1949,1953,4,4,,UUP,4,"same name, careers 1949-1949 then 1953-1953, gap 4y"
104463+103976,Robert Crawford,UNDER-MERGE,id/id,2,1921,1925,4,4,,UUP,4,"same name, careers 1921-1921 then 1925-1925, gap 4y"
103976+104583,Robert Crawford,UNDER-MERGE,id/id,2,1925,1929,4,4,,UUP,4,"same name, careers 1925-1925 then 1929-1929, gap 4y"
104583+106316,Robert Crawford,UNDER-MERGE,id/id,2,1929,1933,4,4,,UUP,4,"same name, careers 1929-1929 then 1933-1933, gap 4y"
103979+106207,Thomas Somerset,UNDER-MERGE,id/id,2,1931,1935,4,4,,UUP,4,"same name, careers 1931-1931 then 1935-1935, gap 4y"
106116+104538,John Milne Barbour,UNDER-MERGE,id/id,2,1921,1925,4,4,,UUP,4,"same name, careers 1921-1921 then 1925-1925, gap 4y"
104538+105363,John Milne Barbour,UNDER-MERGE,id/id,2,1925,1929,4,4,,UUP,4,"same name, careers 1925-1925 then 1929-1929, gap 4y"
105363+105798,John Milne Barbour,UNDER-MERGE,id/id,2,1929,1933,4,4,,UUP,4,"same name, careers 1929-1929 then 1933-1933, gap 4y"
106252+103984,John Milne Barbour,UNDER-MERGE,id/id,2,1945,1949,4,4,,UUP,4,"same name, careers 1945-1945 then 1949-1949, gap 4y"
104081+103985,William Leeburn,UNDER-MERGE,id/id,2,1945,1949,4,4,,NI Labour,4,"same name, careers 1945-1945 then 1949-1949, gap 4y"
104433+105136,Brian Maginess,UNDER-MERGE,id/id,2,1945,1949,4,4,,UUP,4,"same name, careers 1945-1945 then 1949-1949, gap 4y"
105136+104304,Brian Maginess,UNDER-MERGE,id/id,2,1949,1953,4,4,,UUP,4,"same name, careers 1949-1949 then 1953-1953, gap 4y"
105491+105836,Brian Maginess,UNDER-MERGE,id/id,2,1958,1962,4,4,,UUP,4,"same name, careers 1958-1958 then 1962-1962, gap 4y"
104215+103995,Charles Blakiston-Houston,UNDER-MERGE,id/id,2,1929,1933,4,4,,UUP,4,"same name, careers 1929-1929 then 1933-1933, gap 4y"
105202+106059,Frank Hanna,UNDER-MERGE,id/id,2,1949,1953,4,4,,Independent Labour,4,"same name, careers 1949-1949 then 1953-1953, gap 4y"
103997+104842,Frank Hanna,UNDER-MERGE,id/id,2,1958,1962,4,4,,Ind. Labour Group,4,"same name, careers 1958-1958 then 1962-1962, gap 4y"
104008+104571,Henry Mulholland,UNDER-MERGE,id/id,2,1929,1933,4,4,,UUP,4,"same name, careers 1929-1929 then 1933-1933, gap 4y"
104019+104393,John Edgar Bailey,UNDER-MERGE,id/id,2,1945,1949,4,4,,UUP,4,"same name, careers 1945-1945 then 1949-1949, gap 4y"
104393+105019,John Edgar Bailey,UNDER-MERGE,id/id,2,1949,1953,4,4,,UUP,4,"same name, careers 1949-1949 then 1953-1953, gap 4y"
104020+105704,Roderick O'Connor,UNDER-MERGE,id/id,2,1949,1953,4,4,,Nationalist Party,4,"same name, careers 1949-1949 then 1953-1953, gap 4y"
104506+105840,Roderick O'Connor,UNDER-MERGE,id/id,2,1958,1962,4,4,,Nationalist Party,4,"same name, careers 1958-1958 then 1962-1962, gap 4y"
105114+105902,Roderick O'Connor,UNDER-MERGE,id/id,2,1965,1969,4,4,,Nationalist Party,4,"same name, careers 1965-1965 then 1969-1969, gap 4y"
105902+106355,Roderick O'Connor,UNDER-MERGE,id/id,2,1969,1973,4,4,,Nationalist Party / Nationalist Party (Northern Ireland),4,"same name, careers 1969-1969 then 1973-1973, gap 4y"
104023+104400,Harry Diamond,UNDER-MERGE,id/id,2,1945,1949,4,4,,Socialist Republican Party,4,"same name, careers 1945-1945 then 1949-1949, gap 4y"
104400+105037,Harry Diamond,UNDER-MERGE,id/id,2,1949,1953,4,4,,Republican Labour / Socialist Republican Party,4,"same name, careers 1949-1949 then 1953-1953, gap 4y"
104127+104279,Harry Diamond,UNDER-MERGE,id/id,2,1958,1962,4,4,,Republican Labour,4,"same name, careers 1958-1958 then 1962-1962, gap 4y"
106097+105820,Harry Diamond,UNDER-MERGE,id/id,2,1965,1969,4,4,,Republican Labour,4,"same name, careers 1965-1965 then 1969-1969, gap 4y"
106276+104024,Lancelot Curran,UNDER-MERGE,id/id,2,1945,1949,4,4,,UUP,4,"same name, careers 1945-1945 then 1949-1949, gap 4y"
104307+104026,Jack Barkley,UNDER-MERGE,id/id,2,1965,1969,4,4,,NI Labour,4,"same name, careers 1965-1965 then 1969-1969, gap 4y"
110533+105886,Robert Lynn,UNDER-MERGE,name/id,2,1918,1922,4,4,,UUP / Unionist,4,"same name, careers 1918-1918 then 1922-1922, gap 4y"
104129+105282,Robert Lynn,UNDER-MERGE,id/id,2,1929,1933,4,4,,UUP,4,"same name, careers 1929-1929 then 1933-1933, gap 4y"
105412+104041,Alexander Blevins,UNDER-MERGE,id/id,2,1958,1962,4,4,,UUP,4,"same name, careers 1958-1958 then 1962-1962, gap 4y"
104042+106124,Sam Napier,UNDER-MERGE,id/id,2,1949,1953,4,4,,NI Labour,4,"same name, careers 1949-1949 then 1953-1953, gap 4y"
104623+104043,George Charles Gillespie Young,UNDER-MERGE,id/id,2,1929,1933,4,4,,UUP,4,"same name, careers 1929-1929 then 1933-1933, gap 4y"
104164+106233,Edward Warburton Jones,UNDER-MERGE,id/id,2,1958,1962,4,4,,UUP,4,"same name, careers 1958-1958 then 1962-1962, gap 4y"
105876+104502,Robert Getgood,UNDER-MERGE,id/id,2,1945,1949,4,4,,NI Labour,4,"same name, careers 1945-1945 then 1949-1949, gap 4y"
104065+106096,Brian McConnell,UNDER-MERGE,id/id,2,1958,1962,4,4,,UUP,4,"same name, careers 1958-1958 then 1962-1962, gap 4y"
104069+104527,Anthony Babington,UNDER-MERGE,id/id,2,1925,1929,4,4,,UUP,4,"same name, careers 1925-1925 then 1929-1929, gap 4y"
104527+105987,Anthony Babington,UNDER-MERGE,id/id,2,1929,1933,4,4,,UUP,4,"same name, careers 1929-1929 then 1933-1933, gap 4y"
105410+104070,Edmond Warnock,UNDER-MERGE,id/id,2,1945,1949,4,4,,UUP,4,"same name, careers 1945-1945 then 1949-1949, gap 4y"
104070+105582,Edmond Warnock,UNDER-MERGE,id/id,2,1949,1953,4,4,,UUP,4,"same name, careers 1949-1949 then 1953-1953, gap 4y"
105706+105446,Edmond Warnock,UNDER-MERGE,id/id,2,1958,1962,4,4,,UUP,4,"same name, careers 1958-1958 then 1962-1962, gap 4y"
104071+104864,Sorcha McGeown,UNDER-MERGE,id/id,2,2019,2023,4,4,,Sinn Féin,4,"same name, careers 2019-2019 then 2023-2023, gap 4y"
104374+105972,Robert Moore,UNDER-MERGE,id/id,2,1945,1949,4,4,,UUP,4,"same name, careers 1945-1945 then 1949-1949, gap 4y"
105972+104076,Robert Moore,UNDER-MERGE,id/id,2,1949,1953,4,4,,UUP,4,"same name, careers 1949-1949 then 1953-1953, gap 4y"
106052+104077,William Fitzsimmons,UNDER-MERGE,id/id,2,1958,1962,4,4,,UUP,4,"same name, careers 1958-1958 then 1962-1962, gap 4y"
104086+104776,William Fitzsimmons,UNDER-MERGE,id/id,2,1965,1969,4,4,,UUP,4,"same name, careers 1965-1965 then 1969-1969, gap 4y"
106164+105793,Richard Byrne,UNDER-MERGE,id/id,2,1929,1933,4,4,,Nationalist Party,4,"same name, careers 1929-1929 then 1933-1933, gap 4y"
105676+104401,George Dougan,UNDER-MERGE,id/id,2,1941,1945,4,4,,UUP,4,"same name, careers 1941-1941 then 1945-1945, gap 4y"
104401+104084,George Dougan,UNDER-MERGE,id/id,2,1945,1949,4,4,,UUP,4,"same name, careers 1945-1945 then 1949-1949, gap 4y"
104084+105204,George Dougan,UNDER-MERGE,id/id,2,1949,1953,4,4,,UUP,4,"same name, careers 1949-1949 then 1953-1953, gap 4y"
105454+104088,Maynard Sinclair,UNDER-MERGE,id/id,2,1945,1949,4,4,,UUP,4,"same name, careers 1945-1945 then 1949-1949, gap 4y"
105816+104848,Archibald Wilson,UNDER-MERGE,id/id,2,1945,1949,4,4,,UUP,4,"same name, careers 1945-1945 then 1949-1949, gap 4y"
104848+104089,Archibald Wilson,UNDER-MERGE,id/id,2,1949,1953,4,4,,UUP,4,"same name, careers 1949-1949 then 1953-1953, gap 4y"
105108+105944,Samuel Cunningham,UNDER-MERGE,id/id,2,1955,1959,4,4,,UUP,4,"same name, careers 1955-1955 then 1959-1959, gap 4y"
104104+105546,Robert Nichol Wilson,UNDER-MERGE,id/id,2,1945,1949,4,4,,UUP,4,"same name, careers 1945-1945 then 1949-1949, gap 4y"
104108+105605,John Hanna Robb,UNDER-MERGE,id/id,2,1929,1933,4,4,,UUP,4,"same name, careers 1929-1929 then 1933-1933, gap 4y"
106046+104109,James Joseph McCarroll,UNDER-MERGE,id/id,2,1929,1933,4,4,,Nationalist Party,4,"same name, careers 1929-1929 then 1933-1933, gap 4y"
104176+104114,Norman Searight,UNDER-MERGE,id/id,2,1958,1962,4,4,,NI Labour,4,"same name, careers 1958-1958 then 1962-1962, gap 4y"
104119+105767,John Clarke Davison,UNDER-MERGE,id/id,2,1925,1929,4,4,,UUP,4,"same name, careers 1925-1925 then 1929-1929, gap 4y"
105767+105674,John Clarke Davison,UNDER-MERGE,id/id,2,1929,1933,4,4,,UUP,4,"same name, careers 1929-1929 then 1933-1933, gap 4y"
106222+104142,Martin McBirney,UNDER-MERGE,id/id,2,1965,1969,4,4,,NI Labour,4,"same name, careers 1965-1965 then 1969-1969, gap 4y"
105977+104144,Robert Grosvenor,UNDER-MERGE,id/id,2,1955,1959,4,4,,UUP,4,"same name, careers 1955-1955 then 1959-1959, gap 4y"
104510+104850,Edward George Richardson,UNDER-MERGE,id/id,2,1958,1962,4,4,,Independent Nationalist / Nationalist Party,4,"same name, careers 1958-1958 then 1962-1962, gap 4y"
106203+104155,Edward George Richardson,UNDER-MERGE,id/id,2,1965,1969,4,4,,Nationalist Party,4,"same name, careers 1965-1965 then 1969-1969, gap 4y"
104163+105422,Robert Simpson,UNDER-MERGE,id/id,2,1958,1962,4,4,,UUP,4,"same name, careers 1958-1958 then 1962-1962, gap 4y"
105024+105105,Robert Simpson,UNDER-MERGE,id/id,2,1965,1969,4,4,,UUP,4,"same name, careers 1965-1965 then 1969-1969, gap 4y"
104921+104165,Hugh O'Neill,UNDER-MERGE,id/id,2,1921,1925,4,4,,UUP,4,"same name, careers 1921-1921 then 1925-1925, gap 4y"
104584+104351,Robert O'Neill,UNDER-MERGE,id/id,2,1931,1935,4,4,,UUP,4,"same name, careers 1931-1931 then 1935-1935, gap 4y"
105802+104169,John Joseph Brennan,UNDER-MERGE,id/id,2,1965,1969,4,4,,National Democratic Party,4,"same name, careers 1965-1965 then 1969-1969, gap 4y"
105817+104523,William Thomas Miller,UNDER-MERGE,id/id,2,1921,1925,4,4,,UUP,4,"same name, careers 1921-1921 then 1925-1925, gap 4y"
104523+104175,William Thomas Miller,UNDER-MERGE,id/id,2,1925,1929,4,4,,UUP,4,"same name, careers 1925-1925 then 1929-1929, gap 4y"
106166+104181,William Frederick McCoy,UNDER-MERGE,id/id,2,1945,1949,4,4,,UUP,4,"same name, careers 1945-1945 then 1949-1949, gap 4y"
104181+105270,William Frederick McCoy,UNDER-MERGE,id/id,2,1949,1953,4,4,,UUP,4,"same name, careers 1949-1949 then 1953-1953, gap 4y"
105654+104596,William Frederick McCoy,UNDER-MERGE,id/id,2,1958,1962,4,4,,UUP,4,"same name, careers 1958-1958 then 1962-1962, gap 4y"
105808+105440,Robert James Johnstone,UNDER-MERGE,id/id,2,1929,1933,4,4,,UUP,4,"same name, careers 1929-1929 then 1933-1933, gap 4y"
105877+104533,John Fawcett Gordon,UNDER-MERGE,id/id,2,1921,1925,4,4,,UUP,4,"same name, careers 1921-1921 then 1925-1925, gap 4y"
104533+105517,John Fawcett Gordon,UNDER-MERGE,id/id,2,1925,1929,4,4,,UUP,4,"same name, careers 1925-1925 then 1929-1929, gap 4y"
105517+104189,John Fawcett Gordon,UNDER-MERGE,id/id,2,1929,1933,4,4,,UUP,4,"same name, careers 1929-1929 then 1933-1933, gap 4y"
104194+104569,Malachy Conlon,UNDER-MERGE,id/id,2,1945,1949,4,4,,Nationalist Party,4,"same name, careers 1945-1945 then 1949-1949, gap 4y"
106310+104306,Irene Calvert,UNDER-MERGE,id/id,2,1945,1949,4,4,,Independent,4,"same name, careers 1945-1945 then 1949-1949, gap 4y"
105983+105893,Terence O'Neill,UNDER-MERGE,id/id,2,1949,1953,4,4,,UUP,4,"same name, careers 1949-1949 then 1953-1953, gap 4y"
104440+106120,Terence O'Neill,UNDER-MERGE,id/id,2,1958,1962,4,4,,UUP,4,"same name, careers 1958-1958 then 1962-1962, gap 4y"
106057+104622,Terence O'Neill,UNDER-MERGE,id/id,2,1965,1969,4,4,,UUP,4,"same name, careers 1965-1965 then 1969-1969, gap 4y"
104223+104457,Samuel Magowan,UNDER-MERGE,id/id,2,1965,1969,4,4,,UUP,4,"same name, careers 1965-1965 then 1969-1969, gap 4y"
104449+104226,David Graham Shillington,UNDER-MERGE,id/id,2,1921,1925,4,4,,UUP,4,"same name, careers 1921-1921 then 1925-1925, gap 4y"
106000+106187,James Augustine Duff,UNDER-MERGE,id/id,2,1921,1925,4,4,,UUP,4,"same name, careers 1921-1921 then 1925-1925, gap 4y"
106187+104230,James Augustine Duff,UNDER-MERGE,id/id,2,1925,1929,4,4,,UUP,4,"same name, careers 1925-1925 then 1929-1929, gap 4y"
104261+106128,Robert John Lynn,UNDER-MERGE,id/id,2,1921,1925,4,4,,UUP,4,"same name, careers 1921-1921 then 1925-1925, gap 4y"
104263+105763,James Woods Gyle,UNDER-MERGE,id/id,2,1925,1929,4,4,,Independent Unionist,4,"same name, careers 1925-1925 then 1929-1929, gap 4y"
104539+104264,John Carron,UNDER-MERGE,id/id,2,1965,1969,4,4,,Nationalist Party,4,"same name, careers 1965-1965 then 1969-1969, gap 4y"
104444+105505,Hartford Hyde,UNDER-MERGE,id/id,2,1951,1955,4,4,,UUP,4,"same name, careers 1951-1951 then 1955-1955, gap 4y"
109001+104274,David Reid,UNDER-MERGE,name/id,2,1918,1922,4,4,,UUP / Unionist,4,"same name, careers 1918-1918 then 1922-1922, gap 4y"
106261+104317,David Reid,UNDER-MERGE,id/id,2,1931,1935,4,4,,UUP,4,"same name, careers 1931-1931 then 1935-1935, gap 4y"
104278+106099,Eileen M. Hickey,UNDER-MERGE,id/id,2,1949,1953,4,4,,Independent,4,"same name, careers 1949-1949 then 1953-1953, gap 4y"
106312+105544,Erne Ferguson,UNDER-MERGE,id/id,2,1945,1949,4,4,,UUP,4,"same name, careers 1945-1945 then 1949-1949, gap 4y"
104283+105903,Hugh Downey,UNDER-MERGE,id/id,2,1945,1949,4,4,,NI Labour,4,"same name, careers 1945-1945 then 1949-1949, gap 4y"
105806+104288,Edward Archdale,UNDER-MERGE,id/id,2,1921,1925,4,4,,UUP,4,"same name, careers 1921-1921 then 1925-1925, gap 4y"
104504+104292,Dehra Chichester,UNDER-MERGE,id/id,2,1921,1925,4,4,,UUP,4,"same name, careers 1921-1921 then 1925-1925, gap 4y"
104295+104595,Robert Dick Megaw,UNDER-MERGE,id/id,2,1921,1925,4,4,,UUP,4,"same name, careers 1921-1921 then 1925-1925, gap 4y"
104308+104459,William Oliver,UNDER-MERGE,id/id,2,1958,1962,4,4,,UUP,4,"same name, careers 1958-1958 then 1962-1962, gap 4y"
104389+104321,Elizabeth Maconachie,UNDER-MERGE,id/id,2,1958,1962,4,4,,UUP,4,"same name, careers 1958-1958 then 1962-1962, gap 4y"
104326+106062,Thomas Charles Nelson,UNDER-MERGE,id/id,2,1949,1953,4,4,,UUP,4,"same name, careers 1949-1949 then 1953-1953, gap 4y"
104340+105745,Thomas Lavery,UNDER-MERGE,id/id,2,1921,1925,4,4,,UUP,4,"same name, careers 1921-1921 then 1925-1925, gap 4y"
104348+106220,Rowley Elliott,UNDER-MERGE,id/id,2,1925,1929,4,4,,UUP,4,"same name, careers 1925-1925 then 1929-1929, gap 4y"
106220+105843,Rowley Elliott,UNDER-MERGE,id/id,2,1929,1933,4,4,,UUP,4,"same name, careers 1929-1929 then 1933-1933, gap 4y"
105190+104582,Captain The 1st Viscount Brookeborough,UNDER-MERGE,id/id,2,1929,1933,4,4,,UUP,4,"same name, careers 1929-1929 then 1933-1933, gap 4y"
105102+104588,Captain The 1st Viscount Brookeborough,UNDER-MERGE,id/id,2,1958,1962,4,4,,UUP,4,"same name, careers 1958-1958 then 1962-1962, gap 4y"
104587+104366,James Hanna McCormick,UNDER-MERGE,id/id,2,1929,1933,4,4,,UUP,4,"same name, careers 1929-1929 then 1933-1933, gap 4y"
104409+105563,1st Baron Glentoran Herbert Dixon,UNDER-MERGE,id/id,2,1929,1933,4,4,,UUP,4,"same name, careers 1929-1929 then 1933-1933, gap 4y"
104920+104375,1st Baron Glentoran Herbert Dixon,UNDER-MERGE,id/id,2,1945,1949,4,4,,UUP,4,"same name, careers 1945-1945 then 1949-1949, gap 4y"
104382+104465,Robert Newton Anderson,UNDER-MERGE,id/id,2,1921,1925,4,4,,UUP,4,"same name, careers 1921-1921 then 1925-1925, gap 4y"
104656+104383,Thompson Donald,UNDER-MERGE,id/id,2,1921,1925,4,4,,UUP,4,"same name, careers 1921-1921 then 1925-1925, gap 4y"
104491+104398,Sir Edward Archdale,UNDER-MERGE,id/id,2,1929,1933,4,4,,UUP,4,"same name, careers 1929-1929 then 1933-1933, gap 4y"
106271+104672,Joseph Burns,UNDER-MERGE,id/id,2,1965,1969,4,4,,UUP,4,"same name, careers 1965-1965 then 1969-1969, gap 4y"
106035+104443,Arthur Black,UNDER-MERGE,id/id,2,1925,1929,4,4,,UUP,4,"same name, careers 1925-1925 then 1929-1929, gap 4y"
104443+105577,Arthur Black,UNDER-MERGE,id/id,2,1929,1933,4,4,,UUP,4,"same name, careers 1929-1929 then 1933-1933, gap 4y"
104451+106242,Dawson Bates,UNDER-MERGE,id/id,2,1929,1933,4,4,,UUP,4,"same name, careers 1929-1929 then 1933-1933, gap 4y"
104454+104626,Alan McKibbin,UNDER-MERGE,id/id,2,1951,1955,4,4,,UUP,4,"same name, careers 1951-1951 then 1955-1955, gap 4y"
104456+105958,William Long,UNDER-MERGE,id/id,2,1965,1969,4,4,,UUP,4,"same name, careers 1965-1965 then 1969-1969, gap 4y"
105636+104460,James McSparran,UNDER-MERGE,id/id,2,1945,1949,4,4,,Nationalist Party,4,"same name, careers 1945-1945 then 1949-1949, gap 4y"
104460+106084,James McSparran,UNDER-MERGE,id/id,2,1949,1953,4,4,,Nationalist Party,4,"same name, careers 1949-1949 then 1953-1953, gap 4y"
105687+104494,Roisin Howell,UNDER-MERGE,id/id,2,2019,2023,4,4,,Sinn Féin,4,"same name, careers 2019-2019 then 2023-2023, gap 4y"
105908+105943,Walter Topping,UNDER-MERGE,id/id,2,1945,1949,4,4,,UUP,4,"same name, careers 1945-1945 then 1949-1949, gap 4y"
105943+105570,Walter Topping,UNDER-MERGE,id/id,2,1949,1953,4,4,,UUP,4,"same name, careers 1949-1949 then 1953-1953, gap 4y"
104500+105758,Stephen McGonagle,UNDER-MERGE,id/id,2,1958,1962,4,4,,Independent Labour,4,"same name, careers 1958-1958 then 1962-1962, gap 4y"
104673+105355,Desmond Boal,UNDER-MERGE,id/id,2,1965,1969,4,4,,UUP,4,"same name, careers 1965-1965 then 1969-1969, gap 4y"
105984+104876,Hugh Pollock,UNDER-MERGE,id/id,2,1921,1925,4,4,,UUP,4,"same name, careers 1921-1921 then 1925-1925, gap 4y"
104876+104509,Hugh Pollock,UNDER-MERGE,id/id,2,1925,1929,4,4,,UUP,4,"same name, careers 1925-1925 then 1929-1929, gap 4y"
104509+105421,Hugh Pollock,UNDER-MERGE,id/id,2,1929,1933,4,4,,UUP,4,"same name, careers 1929-1929 then 1933-1933, gap 4y"
105619+104528,Sir Dawson Bates,UNDER-MERGE,id/id,2,1921,1925,4,4,,UUP,4,"same name, careers 1921-1921 then 1925-1925, gap 4y"
104536+105336,E. B. Wallace,UNDER-MERGE,id/id,2,1945,1949,4,4,,UUP,4,"same name, careers 1945-1945 then 1949-1949, gap 4y"
104543+106075,William Magill,UNDER-MERGE,id/id,2,1925,1929,4,4,,Town Tenants Association / Town Tenants' Association,4,"same name, careers 1925-1925 then 1929-1929, gap 4y"
104551+105137,Florence McLaughlin,UNDER-MERGE,id/id,2,1955,1959,4,4,,UUP,4,"same name, careers 1955-1955 then 1959-1959, gap 4y"
106149+105373,Basil Kelly,UNDER-MERGE,id/id,2,1965,1969,4,4,,UUP,4,"same name, careers 1965-1965 then 1969-1969, gap 4y"
104600+106196,Michael Traynor,UNDER-MERGE,id/id,2,1955,1959,4,4,,Sinn Féin,4,"same name, careers 1955-1955 then 1959-1959, gap 4y"
104607+105844,1st Viscount Craigavon James Craig,UNDER-MERGE,id/id,2,1929,1933,4,4,,UUP,4,"same name, careers 1929-1929 then 1933-1933, gap 4y"
105460+104618,Sam Kyle,UNDER-MERGE,id/id,2,1925,1929,4,4,,NI Labour,4,"same name, careers 1925-1925 then 1929-1929, gap 4y"
104620+105849,Edward McCullagh,UNDER-MERGE,id/id,2,1949,1953,4,4,,Nationalist Party,4,"same name, careers 1949-1949 then 1953-1953, gap 4y"
105083+109434,Ireland,UNDER-MERGE,id/name,2,2019,2023,4,4,,Alliance,4,"same name, careers 2019-2019 then 2023-2023, gap 4y"
105231+104669,Marc Collins –,UNDER-MERGE,id/id,2,2019,2023,4,4,,DUP,4,"same name, careers 2019-2019 then 2023-2023, gap 4y"
105868+105618,Thomas Joseph Campbell,UNDER-MERGE,id/id,2,1934,1938,4,4,,Nationalist Party,4,"same name, careers 1934-1934 then 1938-1938, gap 4y"
104970+104730,Jason Barr,UNDER-MERGE,id/id,2,2019,2023,4,4,,SDLP,4,"same name, careers 2019-2019 then 2023-2023, gap 4y"
104740+106032,Kevin O'Rourke,UNDER-MERGE,id/id,2,1955,1959,4,4,,Sinn Féin,4,"same name, careers 1955-1955 then 1959-1959, gap 4y"
104767+106047,Viscount Castlereagh,UNDER-MERGE,id/id,2,1931,1935,4,4,,UUP,4,"same name, careers 1931-1931 then 1935-1935, gap 4y"
104805+105227,Edward Sullivan Murphy,UNDER-MERGE,id/id,2,1929,1933,4,4,,UUP,4,"same name, careers 1929-1929 then 1933-1933, gap 4y"
104884+106090,John Dougan,UNDER-MERGE,id/id,2,1955,1959,4,4,,Sinn Féin,4,"same name, careers 1955-1955 then 1959-1959, gap 4y"
105891+104932,Claude Wilton,UNDER-MERGE,id/id,2,1965,1969,4,4,,Ulster Liberal,4,"same name, careers 1965-1965 then 1969-1969, gap 4y"
104943+105157,Ivor Wallace,UNDER-MERGE,id/id,2,2019,2023,4,4,,DUP,4,"same name, careers 2019-2019 then 2023-2023, gap 4y"
105002+105603,Norman Thompson,UNDER-MERGE,id/id,2,1965,1969,4,4,,NI Labour,4,"same name, careers 1965-1965 then 1969-1969, gap 4y"
105049+106110,Howard Stevenson,UNDER-MERGE,id/id,2,1945,1949,4,4,,UUP,4,"same name, careers 1945-1945 then 1949-1949, gap 4y"
105639+105131,Garbhan McPhillips,UNDER-MERGE,id/id,2,2019,2023,4,4,,SDLP,4,"same name, careers 2019-2019 then 2023-2023, gap 4y"
105142+105409,Charles Stewart,UNDER-MERGE,id/id,2,1958,1962,4,4,,Independent,4,"same name, careers 1958-1958 then 1962-1962, gap 4y"
105477+105189,Richard Best,UNDER-MERGE,id/id,2,1921,1925,4,4,,UUP,4,"same name, careers 1921-1921 then 1925-1925, gap 4y"
106089+105632,William Lyle,UNDER-MERGE,id/id,2,1945,1949,4,4,,UUP,4,"same name, careers 1945-1945 then 1949-1949, gap 4y"
105602+105850,Patrick Maxwell,UNDER-MERGE,id/id,2,1945,1949,4,4,,Nationalist Party,4,"same name, careers 1945-1945 then 1949-1949, gap 4y"
105850+105278,Patrick Maxwell,UNDER-MERGE,id/id,2,1949,1953,4,4,,Independent Nationalist / Nationalist Party,4,"same name, careers 1949-1949 then 1953-1953, gap 4y"
105947+105308,Harry Mulholland,UNDER-MERGE,id/id,2,1921,1925,4,4,,UUP,4,"same name, careers 1921-1921 then 1925-1925, gap 4y"
105815+105315,Alexander Browne,UNDER-MERGE,id/id,2,1931,1935,4,4,,UUP,4,"same name, careers 1931-1931 then 1935-1935, gap 4y"
105997+105520,Thomas Henry Burn,UNDER-MERGE,id/id,2,1921,1925,4,4,,UUP,4,"same name, careers 1921-1921 then 1925-1925, gap 4y"
105955+105923,James Morrow,UNDER-MERGE,id/id,2,1945,1949,4,4,,NI Labour,4,"same name, careers 1945-1945 then 1949-1949, gap 4y"
105765+106309,Frederick Lloyd-Dodd,UNDER-MERGE,id/id,2,1949,1953,4,4,,UUP,4,"same name, careers 1949-1949 then 1953-1953, gap 4y"
105812+106083,Thomas McMullan,UNDER-MERGE,id/id,2,1921,1925,4,4,,UUP,4,"same name, careers 1921-1921 then 1925-1925, gap 4y"
106073+105978,Joseph McConnell,UNDER-MERGE,id/id,2,1931,1935,4,4,,UUP,4,"same name, careers 1931-1931 then 1935-1935, gap 4y"
106301+106076,Lloyd Campbell,UNDER-MERGE,id/id,2,1921,1925,4,4,,UUP,4,"same name, careers 1921-1921 then 1925-1925, gap 4y"
106284+106213,Independent Unionist Association,UNDER-MERGE,id/id,2,1945,1949,4,4,,Independent Unionist,4,"same name, careers 1945-1945 then 1949-1949, gap 4y"
103812+104338,Billy Boyd,UNDER-MERGE,id/id,2,1955,1958,3,3,,NI Labour,4,"same name, careers 1955-1955 then 1958-1958, gap 3y"
104482+103805,Billy Boyd,UNDER-MERGE,id/id,2,1962,1965,3,3,,NI Labour,4,"same name, careers 1962-1962 then 1965-1965, gap 3y"
105191+4639,Richie McPhillips,UNDER-MERGE,id/id,3,2014,2017,3,2,,SDLP,4,"same name, careers 2014-2014 then 2016-2017, gap 2y"
7460+105981,Nuala Toman,UNDER-MERGE,id/id,2,2014,2017,3,3,,Sinn Féin,4,"same name, careers 2014-2014 then 2017-2017, gap 3y"
105015+106154,Eddie McAteer,UNDER-MERGE,id/id,2,1962,1965,3,3,,Nationalist Party,4,"same name, careers 1962-1962 then 1965-1965, gap 3y"
106266+9668,Colin McCusker,UNDER-MERGE,id/id,2,2011,2014,3,3,,UUP,4,"same name, careers 2011-2011 then 2014-2014, gap 3y"
108525+106181,Ciaran McClean,UNDER-MERGE,id/id,2,2011,2014,3,3,,Green / Independent,4,"same name, careers 2011-2011 then 2014-2014, gap 3y"
19080+105000,Ellen Murray,UNDER-MERGE,id/id,3,2016,2019,3,2,,Green,4,"same name, careers 2016-2017 then 2019-2019, gap 2y"
104332+105805,Bob Kidd,UNDER-MERGE,id/id,2,1962,1965,3,3,,NI Labour,4,"same name, careers 1962-1962 then 1965-1965, gap 3y"
104160+106185,James O'Reilly,UNDER-MERGE,id/id,2,1962,1965,3,3,,Nationalist Party,4,"same name, careers 1962-1962 then 1965-1965, gap 3y"
105540+104578,Harry West,UNDER-MERGE,id/id,2,1962,1965,3,3,,UUP,4,"same name, careers 1962-1962 then 1965-1965, gap 3y"
26988+104719,Frank Shivers,UNDER-MERGE,id/id,4,2016,2019,3,2,,Conservative,4,"same name, careers 2016-2017 then 2019-2019, gap 2y"
105871+104034,Phelim O'Neill,UNDER-MERGE,id/id,2,1952,1955,3,3,,UUP,4,"same name, careers 1952-1952 then 1955-1955, gap 3y"
104034+104646,Phelim O'Neill,UNDER-MERGE,id/id,2,1955,1958,3,3,,UUP,4,"same name, careers 1955-1955 then 1958-1958, gap 3y"
105065+104275,Phelim O'Neill,UNDER-MERGE,id/id,2,1962,1965,3,3,,UUP,4,"same name, careers 1962-1962 then 1965-1965, gap 3y"
32101+105539,Colin Keenan,UNDER-MERGE,id/id,3,2011,2014,3,0,,SDLP,4,"same name, careers 2011-2011 then 2011-2014, gap 0y"
105170+32904,Conor Quinn,UNDER-MERGE,id/id,2,2011,2014,3,3,,Green / SDLP,4,"same name, careers 2011-2011 then 2014-2014, gap 3y"
33653+105324,Paddy Meehan,UNDER-MERGE,id/id,3,2011,2014,3,0,,Socialist Party,4,"same name, careers 2011-2011 then 2011-2014, gap 0y"
109462+105644,James Cooper,UNDER-MERGE,name/id,2,1918,1921,3,3,,UUP / Unionist,4,"same name, careers 1918-1918 then 1921-1921, gap 3y"
37687+105327,Karl Bennett,UNDER-MERGE,id/id,2,2019,2022,3,3,,Independent / PUP,4,"same name, careers 2019-2019 then 2022-2022, gap 3y"
105383+39107,Billy Walker,UNDER-MERGE,id/id,2,2011,2014,3,3,,DUP,4,"same name, careers 2011-2011 then 2014-2014, gap 3y"
105005+105912,Herbert Kirk,UNDER-MERGE,id/id,2,1962,1965,3,3,,UUP,4,"same name, careers 1962-1962 then 1965-1965, gap 3y"
40156+105418,Sinéad McLaughlin,UNDER-MERGE,id/id,2,2019,2022,3,3,,SDLP,4,"same name, careers 2019-2019 then 2022-2022, gap 3y"
47137+105608,Nick Mathison,UNDER-MERGE,id/id,2,2019,2022,3,3,,Alliance,4,"same name, careers 2019-2019 then 2022-2022, gap 3y"
104337+104267,Brian Faulkner,UNDER-MERGE,id/id,2,1962,1965,3,3,,UUP,4,"same name, careers 1962-1962 then 1965-1965, gap 3y"
55469+105726,Stephen McCarthy,UNDER-MERGE,id/id,2,2019,2022,3,3,,UUP,4,"same name, careers 2019-2019 then 2022-2022, gap 3y"
104778+56488,Susan-Anne White,UNDER-MERGE,id/id,4,2014,2017,3,1,,Independent / Independent Other,4,"same name, careers 2014-2014 then 2015-2017, gap 1y"
104919+57494,David McMaster,UNDER-MERGE,id/id,3,2014,2017,3,2,,Independent / Independent Other,4,"same name, careers 2014-2014 then 2016-2017, gap 2y"
104327+105660,David Campbell,UNDER-MERGE,id/id,2,1952,1955,3,3,,UUP,4,"same name, careers 1952-1952 then 1955-1955, gap 3y"
104334+105319,Erskine Holmes,UNDER-MERGE,id/id,2,1966,1969,3,3,,NI Labour,4,"same name, careers 1966-1966 then 1969-1969, gap 3y"
106115+60882,Charlie Chittick,UNDER-MERGE,id/id,2,2014,2017,3,3,,DUP / TUV,4,"same name, careers 2014-2014 then 2017-2017, gap 3y"
104564+105427,Gerry Fitt,UNDER-MERGE,id/id,2,1962,1965,3,3,,Irish Labour / Republican Labour,4,"same name, careers 1962-1962 then 1965-1965, gap 3y"
105744+106053,Gerry Fitt,UNDER-MERGE,id/id,2,1966,1969,3,3,,Rep Lab / Republican Labour,4,"same name, careers 1966-1966 then 1969-1969, gap 3y"
107700+64430,Kevin McNally,UNDER-MERGE,id/id,2,2011,2014,3,3,,Workers Party / Workers' Party,4,"same name, careers 2011-2011 then 2014-2014, gap 3y"
105874+104770,Tom Gormley,UNDER-MERGE,id/id,2,1962,1965,3,3,,Nationalist Party,4,"same name, careers 1962-1962 then 1965-1965, gap 3y"
105904+68475,Maria Lourenço,UNDER-MERGE,id/id,2,2016,2019,3,3,,Independent / Northern Ireland Labour Representation Committee,4,"same name, careers 2016-2016 then 2019-2019, gap 3y"
70802+105933,David Brooks,UNDER-MERGE,id/id,2,2019,2022,3,3,,DUP,4,"same name, careers 2019-2019 then 2022-2022, gap 3y"
105475+71539,William Cudworth,UNDER-MERGE,id/id,3,2014,2017,3,1,,TUV / UUP,4,"same name, careers 2014-2014 then 2015-2017, gap 1y"
106045+106022,Walter Scott,UNDER-MERGE,id/id,2,1962,1965,3,3,,UUP,4,"same name, careers 1962-1962 then 1965-1965, gap 3y"
106092+104995,Vivian Simpson,UNDER-MERGE,id/id,2,1962,1965,3,3,,NI Labour,4,"same name, careers 1962-1962 then 1965-1965, gap 3y"
103946+104987,Sheelagh Murnaghan,UNDER-MERGE,id/id,2,1966,1969,3,3,,Ulster Liberal,4,"same name, careers 1966-1966 then 1969-1969, gap 3y"
79633+106019,Corey French,UNDER-MERGE,id/id,3,2016,2019,3,2,,Independent / Independent Other,4,"same name, careers 2016-2017 then 2019-2019, gap 2y"
106060+80293,Naomi Bailie,UNDER-MERGE,id/id,2,2011,2014,3,3,,Sinn Féin,4,"same name, careers 2011-2011 then 2014-2014, gap 3y"
104832+82501,Julia Kee,UNDER-MERGE,id/id,4,2014,2017,3,1,,UUP,4,"same name, careers 2014-2014 then 2015-2017, gap 1y"
93611+104157,Conor Campbell,UNDER-MERGE,id/id,4,2016,2019,3,2,,Workers' Party,4,"same name, careers 2016-2017 then 2019-2019, gap 2y"
94835+106246,Paul Veronica,UNDER-MERGE,id/id,2,2019,2022,3,3,,Green,4,"same name, careers 2019-2019 then 2022-2022, gap 3y"
103924+104481,William Craig,UNDER-MERGE,id/id,2,1962,1965,3,3,,UUP,4,"same name, careers 1962-1962 then 1965-1965, gap 3y"
105208+104585,David Bleakley,UNDER-MERGE,id/id,2,1962,1965,3,3,,NI Labour,4,"same name, careers 1962-1962 then 1965-1965, gap 3y"
104982+100003,Gavin Malone,UNDER-MERGE,id/id,2,2019,2022,3,3,,Independent,4,"same name, careers 2019-2019 then 2022-2022, gap 3y"
103951+104198,Alexander Hunter,UNDER-MERGE,id/id,2,1950,1953,3,3,,UUP,4,"same name, careers 1950-1950 then 1953-1953, gap 3y"
105156+104768,Thomas Lyons,UNDER-MERGE,id/id,2,1962,1965,3,3,,UUP,4,"same name, careers 1962-1962 then 1965-1965, gap 3y"
103807+106093,Isaac Hawthorne,UNDER-MERGE,id/id,2,1955,1958,3,3,,UUP,4,"same name, careers 1955-1955 then 1958-1958, gap 3y"
104310+106156,Isaac Hawthorne,UNDER-MERGE,id/id,2,1962,1965,3,3,,UUP,4,"same name, careers 1962-1962 then 1965-1965, gap 3y"
105990+105263,William James Morgan,UNDER-MERGE,id/id,2,1959,1962,3,3,,UUP,4,"same name, careers 1959-1959 then 1962-1962, gap 3y"
105263+105279,William James Morgan,UNDER-MERGE,id/id,2,1962,1965,3,3,,UUP,4,"same name, careers 1962-1962 then 1965-1965, gap 3y"
103887+103826,Joe Connellan,UNDER-MERGE,id/id,2,1962,1965,3,3,,Nationalist Party,4,"same name, careers 1962-1962 then 1965-1965, gap 3y"
103837+103817,Ivan Neill,UNDER-MERGE,id/id,2,1962,1965,3,3,,UUP,4,"same name, careers 1962-1962 then 1965-1965, gap 3y"
110787+104941,Thomas Harbison,UNDER-MERGE,name/id,2,1918,1921,3,3,,Nationalist Party,4,"same name, careers 1918-1918 then 1921-1921, gap 3y"
104385+104243,Dinah McNabb,UNDER-MERGE,id/id,2,1962,1965,3,3,,UUP,4,"same name, careers 1962-1962 then 1965-1965, gap 3y"
105132+104172,William Kennedy,UNDER-MERGE,id/id,2,1962,1965,3,3,,UUP,4,"same name, careers 1962-1962 then 1965-1965, gap 3y"
109768+105707,Joseph Devlin,UNDER-MERGE,name/id,2,1918,1921,3,3,,Nationalist Party,4,"same name, careers 1918-1918 then 1921-1921, gap 3y"
103868+105976,James Chichester-Clark,UNDER-MERGE,id/id,2,1962,1965,3,3,,UUP,4,"same name, careers 1962-1962 then 1965-1965, gap 3y"
105361+103877,William Hinds,UNDER-MERGE,id/id,2,1962,1965,3,3,,UUP,4,"same name, careers 1962-1962 then 1965-1965, gap 3y"
103882+104549,Tom Boyd,UNDER-MERGE,id/id,2,1962,1965,3,3,,NI Labour,4,"same name, careers 1962-1962 then 1965-1965, gap 3y"
110811+104979,Thomas Moles,UNDER-MERGE,name/id,2,1918,1921,3,3,,UUP / Unionist,4,"same name, careers 1918-1918 then 1921-1921, gap 3y"
103893+104073,David Overend,UNDER-MERGE,id/id,2,1966,1969,3,3,,NI Labour,4,"same name, careers 1966-1966 then 1969-1969, gap 3y"
103996+106140,Paddy Gormley,UNDER-MERGE,id/id,2,1962,1965,3,3,,Nationalist Party,4,"same name, careers 1962-1962 then 1965-1965, gap 3y"
106095+104998,Robert Samuel Nixon,UNDER-MERGE,id/id,2,1962,1965,3,3,,UUP,4,"same name, careers 1962-1962 then 1965-1965, gap 3y"
104553+105597,Herbert Dixon,UNDER-MERGE,id/id,2,1935,1938,3,3,,UUP,4,"same name, careers 1935-1935 then 1938-1938, gap 3y"
106005+103942,(Sir) Norman Stronge,UNDER-MERGE,id/id,2,1962,1965,3,3,,UUP,4,"same name, careers 1962-1962 then 1965-1965, gap 3y"
106127+104994,Harry Midgley,UNDER-MERGE,id/id,2,1938,1941,3,3,,NI Labour,4,"same name, careers 1938-1938 then 1941-1941, gap 3y"
103980+105554,John William McDowell,UNDER-MERGE,id/id,2,1962,1965,3,3,,NI Labour,4,"same name, careers 1962-1962 then 1965-1965, gap 3y"
106153+105202,Frank Hanna,UNDER-MERGE,id/id,2,1946,1949,3,3,,Independent Labour / NI Labour,4,"same name, careers 1946-1946 then 1949-1949, gap 3y"
105840+105114,Roderick O'Connor,UNDER-MERGE,id/id,2,1962,1965,3,3,,Nationalist Party,4,"same name, careers 1962-1962 then 1965-1965, gap 3y"
106233+105811,Edward Warburton Jones,UNDER-MERGE,id/id,2,1962,1965,3,3,,UUP,4,"same name, careers 1962-1962 then 1965-1965, gap 3y"
106096+104072,Brian McConnell,UNDER-MERGE,id/id,2,1962,1965,3,3,,UUP,4,"same name, careers 1962-1962 then 1965-1965, gap 3y"
105446+104942,Edmond Warnock,UNDER-MERGE,id/id,2,1962,1965,3,3,,UUP,4,"same name, careers 1962-1962 then 1965-1965, gap 3y"
104077+104086,William Fitzsimmons,UNDER-MERGE,id/id,2,1962,1965,3,3,,UUP,4,"same name, careers 1962-1962 then 1965-1965, gap 3y"
104850+106203,Edward George Richardson,UNDER-MERGE,id/id,2,1962,1965,3,3,,Nationalist Party,4,"same name, careers 1962-1962 then 1965-1965, gap 3y"
104882+104156,James Gamble,UNDER-MERGE,id/id,2,1930,1933,3,3,,UUP,4,"same name, careers 1930-1930 then 1933-1933, gap 3y"
105422+105024,Robert Simpson,UNDER-MERGE,id/id,2,1962,1965,3,3,,UUP,4,"same name, careers 1962-1962 then 1965-1965, gap 3y"
109423+104921,Hugh O'Neill,UNDER-MERGE,name/id,2,1918,1921,3,3,,UUP / Unionist,4,"same name, careers 1918-1918 then 1921-1921, gap 3y"
105653+105802,John Joseph Brennan,UNDER-MERGE,id/id,2,1962,1965,3,3,,Ind. Labour Group / National Democratic Party,4,"same name, careers 1962-1962 then 1965-1965, gap 3y"
104220+105983,Terence O'Neill,UNDER-MERGE,id/id,2,1946,1949,3,3,,UUP,4,"same name, careers 1946-1946 then 1949-1949, gap 3y"
106120+106057,Terence O'Neill,UNDER-MERGE,id/id,2,1962,1965,3,3,,UUP,4,"same name, careers 1962-1962 then 1965-1965, gap 3y"
109140+105806,Edward Archdale,UNDER-MERGE,name/id,2,1918,1921,3,3,,UUP / Unionist,4,"same name, careers 1918-1918 then 1921-1921, gap 3y"
110578+104464,Samuel McGuffin,UNDER-MERGE,name/id,2,1918,1921,3,3,,Labour Unionist / UUP,4,"same name, careers 1918-1918 then 1921-1921, gap 3y"
104459+106289,William Oliver,UNDER-MERGE,id/id,2,1962,1965,3,3,,UUP,4,"same name, careers 1962-1962 then 1965-1965, gap 3y"
104325+105846,Charles McGleenan,UNDER-MERGE,id/id,2,1950,1953,3,3,,Anti-Partitionist,4,"same name, careers 1950-1950 then 1953-1953, gap 3y"
104588+106049,Captain The 1st Viscount Brookeborough,UNDER-MERGE,id/id,2,1962,1965,3,3,,UUP,4,"same name, careers 1962-1962 then 1965-1965, gap 3y"
105752+106188,Arthur Brownlow Mitchell,UNDER-MERGE,id/id,2,1935,1938,3,3,,UUP,4,"same name, careers 1935-1935 then 1938-1938, gap 3y"
110834+104656,Thompson Donald,UNDER-MERGE,name/id,2,1918,1921,3,3,,Labour Unionist / UUP,4,"same name, careers 1918-1918 then 1921-1921, gap 3y"
104408+106271,Joseph Burns,UNDER-MERGE,id/id,2,1962,1965,3,3,,UUP,4,"same name, careers 1962-1962 then 1965-1965, gap 3y"
105607+104434,Robert Harcourt,UNDER-MERGE,id/id,2,1950,1953,3,3,,UUP,4,"same name, careers 1950-1950 then 1953-1953, gap 3y"
104469+104456,William Long,UNDER-MERGE,id/id,2,1962,1965,3,3,,UUP,4,"same name, careers 1962-1962 then 1965-1965, gap 3y"
105176+104673,Desmond Boal,UNDER-MERGE,id/id,2,1962,1965,3,3,,UUP,4,"same name, careers 1962-1962 then 1965-1965, gap 3y"
106264+104514,Ian McClure,UNDER-MERGE,id/id,2,1962,1965,3,3,,UUP,4,"same name, careers 1962-1962 then 1965-1965, gap 3y"
110055+104563,Michael Carolan,UNDER-MERGE,name/id,2,1918,1921,3,3,,Independent / Sinn Féin,4,"same name, careers 1918-1918 then 1921-1921, gap 3y"
110658+104567,Sean O'Mahony,UNDER-MERGE,name/id,2,1918,1921,3,3,,Sinn Féin,4,"same name, careers 1918-1918 then 1921-1921, gap 3y"
106160+104899,Neville Martin,UNDER-MERGE,id/id,2,1955,1958,3,3,,UUP,4,"same name, careers 1955-1955 then 1958-1958, gap 3y"
104917+105613,Robert Porter,UNDER-MERGE,id/id,2,1966,1969,3,3,,UUP,4,"same name, careers 1966-1966 then 1969-1969, gap 3y"
105528+105002,Norman Thompson,UNDER-MERGE,id/id,2,1962,1965,3,3,,NI Labour,4,"same name, careers 1962-1962 then 1965-1965, gap 3y"
106069+105025,David John Little,UNDER-MERGE,id/id,2,1959,1962,3,3,,UUP,4,"same name, careers 1959-1959 then 1962-1962, gap 3y"
107628+105130,Margaret Anne McKillop,UNDER-MERGE,id/id,2,2011,2014,3,3,,SDLP / Sinn Féin,4,"same name, careers 2011-2011 then 2014-2014, gap 3y"
108702+105144,Archibald Savage,UNDER-MERGE,name/id,2,1918,1921,3,3,,Sinn Féin,4,"same name, careers 1918-1918 then 1921-1921, gap 3y"
105234+106089,William Lyle,UNDER-MERGE,id/id,2,1942,1945,3,3,,UUP,4,"same name, careers 1942-1942 then 1945-1945, gap 3y"
109035+105310,Denis McCullough,UNDER-MERGE,name/id,2,1918,1921,3,3,,Sinn Féin,4,"same name, careers 1918-1918 then 1921-1921, gap 3y"
109043+105751,Dermot Barnes,UNDER-MERGE,name/id,2,1918,1921,3,3,,Sinn Féin,4,"same name, careers 1918-1918 then 1921-1921, gap 3y"
110937+106015,William Coote,UNDER-MERGE,name/id,2,1918,1921,3,3,,UUP / Unionist,4,"same name, careers 1918-1918 then 1921-1921, gap 3y"
105598+106290,John Maginnis,UNDER-MERGE,id/id,2,1964,1966,2,2,,UUP,4,"same name, careers 1964-1964 then 1966-1966, gap 2y"
547+105715,Duncan Morrow,UNDER-MERGE,id/id,2,2014,2016,2,2,,Alliance,4,"same name, careers 2014-2014 then 2016-2016, gap 2y"
104473+105909,Lawrence Orr,UNDER-MERGE,id/id,2,1964,1966,2,2,,UUP,4,"same name, careers 1964-1964 then 1966-1966, gap 2y"
2092+104426,Ricky Bamford,UNDER-MERGE,id/id,3,2017,2019,2,2,,Green,4,"same name, careers 2017-2017 then 2019-2019, gap 2y"
106010+104809,James Simpson,UNDER-MERGE,id/id,2,2014,2016,2,2,,Conservative,4,"same name, careers 2014-2014 then 2016-2016, gap 2y"
104003+2811,Fra Hughes,UNDER-MERGE,id/id,3,2014,2016,2,1,,Independent / Independent Nationalist,4,"same name, careers 2014-2014 then 2015-2016, gap 1y"
105110+3075,Stephen Crosby,UNDER-MERGE,id/id,2,2014,2016,2,2,,UKIP,4,"same name, careers 2014-2014 then 2016-2016, gap 2y"
105594+103812,Billy Boyd,UNDER-MERGE,id/id,2,1953,1955,2,2,,NI Labour,4,"same name, careers 1953-1953 then 1955-1955, gap 2y"
106066+104105,Robin Chichester-Clark,UNDER-MERGE,id/id,2,1964,1966,2,2,,UUP,4,"same name, careers 1964-1964 then 1966-1966, gap 2y"
16964+105264,Pádraigín Mervyn,UNDER-MERGE,id/id,2,2017,2019,2,2,,PBP,4,"same name, careers 2017-2017 then 2019-2019, gap 2y"
105629+17056,Jacqui McGeough,UNDER-MERGE,id/id,3,2014,2016,2,1,,Sinn Féin,4,"same name, careers 2014-2014 then 2015-2016, gap 1y"
17371+105243,Gavan Reynolds,UNDER-MERGE,id/id,3,2017,2019,2,2,,Independent,4,"same name, careers 2017-2017 then 2019-2019, gap 2y"
104635+18352,Jonny Lavery,UNDER-MERGE,id/id,3,2014,2016,2,1,,UKIP,4,"same name, careers 2014-2014 then 2015-2016, gap 1y"
105249+35472,Ivanka Antova,UNDER-MERGE,id/id,2,2017,2019,2,2,,PBP,4,"same name, careers 2017-2017 then 2019-2019, gap 2y"
104225+39309,Herbert Kirk,UNDER-MERGE,id/id,2,1956,1958,2,2,,UUP,4,"same name, careers 1956-1956 then 1958-1958, gap 2y"
103850+104586,James Hamilton,UNDER-MERGE,id/id,2,1964,1966,2,2,,UUP,4,"same name, careers 1964-1964 then 1966-1966, gap 2y"
106232+104573,Stanley McMaster,UNDER-MERGE,id/id,2,1964,1966,2,2,,UUP,4,"same name, careers 1964-1964 then 1966-1966, gap 2y"
105177+105657,Frazer McCammond,UNDER-MERGE,id/id,2,2014,2016,2,2,,Democracy First / Independent,4,"same name, careers 2014-2014 then 2016-2016, gap 2y"
105698+104432,John Beattie,UNDER-MERGE,id/id,2,1943,1945,2,2,,Ind Lab / Ir Lab,4,"same name, careers 1943-1943 then 1945-1945, gap 2y"
106020+104025,Henry Clark,UNDER-MERGE,id/id,2,1964,1966,2,2,,UUP,4,"same name, careers 1964-1964 then 1966-1966, gap 2y"
56227+106265,Nat Minford,UNDER-MERGE,id/id,2,1951,1953,2,2,,UUP,4,"same name, careers 1951-1951 then 1953-1953, gap 2y"
107128+105854,Jason Docherty,UNDER-MERGE,id/id,2,2001,2003,2,2,,Conservative,4,"same name, careers 2001-2001 then 2003-2003, gap 2y"
65993+105873,Stephen McFarland,UNDER-MERGE,id/id,2,2014,2016,2,2,,Alliance,4,"same name, careers 2014-2014 then 2016-2016, gap 2y"
75374+105989,Gareth Martin,UNDER-MERGE,id/id,2,2014,2016,2,2,,UUP,4,"same name, careers 2014-2014 then 2016-2016, gap 2y"
79426+104924,Sheelagh Murnaghan,UNDER-MERGE,id/id,2,1959,1961,2,2,,Ulster Liberal,4,"same name, careers 1959-1959 then 1961-1961, gap 2y"
82766+106216,John Doherty,UNDER-MERGE,id/id,2,2017,2019,2,2,,Alliance,4,"same name, careers 2017-2017 then 2019-2019, gap 2y"
106107+84748,Kieran Maxwell,UNDER-MERGE,id/id,2,2017,2019,2,2,,Sinn Féin,4,"same name, careers 2017-2017 then 2019-2019, gap 2y"
85530+105740,Stratton Mills,UNDER-MERGE,id/id,2,1964,1966,2,2,,UUP,4,"same name, careers 1964-1964 then 1966-1966, gap 2y"
104229+104192,Rafton Pounder,UNDER-MERGE,id/id,2,1964,1966,2,2,,UUP,4,"same name, careers 1964-1964 then 1966-1966, gap 2y"
104448+105888,William Craig,UNDER-MERGE,id/id,2,1958,1960,2,2,,UUP,4,"same name, careers 1958-1958 then 1960-1960, gap 2y"
105888+103924,William Craig,UNDER-MERGE,id/id,2,1960,1962,2,2,,UUP,4,"same name, careers 1960-1960 then 1962-1962, gap 2y"
104061+106009,James Kilfedder,UNDER-MERGE,id/id,2,1964,1966,2,2,,UUP,4,"same name, careers 1964-1964 then 1966-1966, gap 2y"
104815+109449,James Baird,UNDER-MERGE,id/name,2,1921,1923,2,2,,Belfast Labour / Irish Labour,4,"same name, careers 1921-1921 then 1923-1923, gap 2y"
104371+105954,Thomas Mitchell,UNDER-MERGE,id/id,2,1964,1966,2,2,,Republican Clubs,4,"same name, careers 1964-1964 then 1966-1966, gap 2y"
105673+104927,William Stewart,UNDER-MERGE,id/id,2,1929,1931,2,2,,UUP,4,"same name, careers 1929-1929 then 1931-1931, gap 2y"
106072+104391,Thomas Lyons,UNDER-MERGE,id/id,2,1943,1945,2,2,,UUP,4,"same name, careers 1943-1943 then 1945-1945, gap 2y"
104245+104609,William Calwell,UNDER-MERGE,id/id,2,1943,1945,2,2,,NI Labour,4,"same name, careers 1943-1943 then 1945-1945, gap 2y"
105967+103932,Ronald Ross,UNDER-MERGE,id/id,2,1929,1931,2,2,,UUP,4,"same name, careers 1929-1929 then 1931-1931, gap 2y"
103818+105964,Thomas Sinclair,UNDER-MERGE,id/id,2,1929,1931,2,2,,UUP,4,"same name, careers 1929-1929 then 1931-1931, gap 2y"
104085+104541,Thomas Harbison,UNDER-MERGE,id/id,2,1923,1925,2,2,,Nationalist Party,4,"same name, careers 1923-1923 then 1925-1925, gap 2y"
104496+103845,George Currie,UNDER-MERGE,id/id,2,1964,1966,2,2,,UUP,4,"same name, careers 1964-1964 then 1966-1966, gap 2y"
104126+103994,Philip James Woods,UNDER-MERGE,id/id,2,1923,1925,2,2,,Independent Unionist,4,"same name, careers 1923-1923 then 1925-1925, gap 2y"
104865+103858,Joseph Devlin,UNDER-MERGE,id/id,2,1929,1931,2,2,,Nationalist Party,4,"same name, careers 1929-1929 then 1931-1931, gap 2y"
103858+105620,Joseph Devlin,UNDER-MERGE,id/id,2,1931,1933,2,2,,Nationalist Party,4,"same name, careers 1931-1931 then 1933-1933, gap 2y"
103993+104045,Cahir Healy,UNDER-MERGE,id/id,2,1923,1925,2,2,,Nationalist Party,4,"same name, careers 1923-1923 then 1925-1925, gap 2y"
104474+105578,Cahir Healy,UNDER-MERGE,id/id,2,1929,1931,2,2,,Nationalist Party,4,"same name, careers 1929-1929 then 1931-1931, gap 2y"
105596+104111,Cahir Healy,UNDER-MERGE,id/id,2,1931,1933,2,2,,Nationalist Party,4,"same name, careers 1931-1931 then 1933-1933, gap 2y"
105894+104152,Cahir Healy,UNDER-MERGE,id/id,2,1951,1953,2,2,,Nationalist Party,4,"same name, careers 1951-1951 then 1953-1953, gap 2y"
103900+104199,Albert McElroy,UNDER-MERGE,id/id,2,1962,1964,2,2,,Ulster Liberal,4,"same name, careers 1962-1962 then 1964-1964, gap 2y"
105828+103914,James Harden,UNDER-MERGE,id/id,2,1948,1950,2,2,,UUP,4,"same name, careers 1948-1948 then 1950-1950, gap 2y"
104478+104322,William J. Allen,UNDER-MERGE,id/id,2,1929,1931,2,2,,UUP,4,"same name, careers 1929-1929 then 1931-1931, gap 2y"
104561+104376,Herbert Dixon,UNDER-MERGE,id/id,2,1929,1931,2,2,,UUP,4,"same name, careers 1929-1929 then 1931-1931, gap 2y"
105847+104421,Harry Midgley,UNDER-MERGE,id/id,2,1921,1923,2,2,,Belfast Labour / Ind Lab,4,"same name, careers 1921-1921 then 1923-1923, gap 2y"
104280+103979,Thomas Somerset,UNDER-MERGE,id/id,2,1929,1931,2,2,,UUP,4,"same name, careers 1929-1929 then 1931-1931, gap 2y"
106126+105122,George Forrest,UNDER-MERGE,id/id,2,1956,1958,2,2,,Independent Unionist / UUP,4,"same name, careers 1956-1956 then 1958-1958, gap 2y"
103991+104341,George Forrest,UNDER-MERGE,id/id,2,1964,1966,2,2,,UUP,4,"same name, careers 1964-1964 then 1966-1966, gap 2y"
104279+104399,Harry Diamond,UNDER-MERGE,id/id,2,1962,1964,2,2,,Rep Lab / Republican Labour,4,"same name, careers 1962-1962 then 1964-1964, gap 2y"
105691+104055,Edward Warburton Jones,UNDER-MERGE,id/id,2,1951,1953,2,2,,UUP,4,"same name, careers 1951-1951 then 1953-1953, gap 2y"
104063+105876,Robert Getgood,UNDER-MERGE,id/id,2,1943,1945,2,2,,NI Labour,4,"same name, careers 1943-1943 then 1945-1945, gap 2y"
106152+106114,Brian McConnell,UNDER-MERGE,id/id,2,1951,1953,2,2,,UUP,4,"same name, careers 1951-1951 then 1953-1953, gap 2y"
104233+106052,William Fitzsimmons,UNDER-MERGE,id/id,2,1956,1958,2,2,,UUP,4,"same name, careers 1956-1956 then 1958-1958, gap 2y"
105857+104091,Samuel Cunningham,UNDER-MERGE,id/id,2,1943,1945,2,2,,UUP,4,"same name, careers 1943-1943 then 1945-1945, gap 2y"
104577+104655,Samuel Cunningham,UNDER-MERGE,id/id,2,1964,1966,2,2,,UUP,4,"same name, careers 1964-1964 then 1966-1966, gap 2y"
105880+104115,James Godfrey MacManaway,UNDER-MERGE,id/id,2,1947,1949,2,2,,UUP,4,"same name, careers 1947-1947 then 1949-1949, gap 2y"
104822+104584,Robert O'Neill,UNDER-MERGE,id/id,2,1929,1931,2,2,,UUP,4,"same name, careers 1929-1929 then 1931-1931, gap 2y"
104330+106261,David Reid,UNDER-MERGE,id/id,2,1929,1931,2,2,,UUP,4,"same name, careers 1929-1929 then 1931-1931, gap 2y"
106058+109310,George Henderson,UNDER-MERGE,id/name,2,1925,1927,2,2,,Independent / Unbought Tenants,4,"same name, careers 1925-1925 then 1927-1927, gap 2y"
109310+104313,George Henderson,UNDER-MERGE,name/id,2,1927,1929,2,2,,Independent / Ulster Liberal,4,"same name, careers 1927-1927 then 1929-1929, gap 2y"
104390+104392,Samuel Cree,UNDER-MERGE,id/id,2,1958,1960,2,2,,NI Labour,4,"same name, careers 1958-1958 then 1960-1960, gap 2y"
104799+104408,Joseph Burns,UNDER-MERGE,id/id,2,1960,1962,2,2,,UUP,4,"same name, careers 1960-1960 then 1962-1962, gap 2y"
105566+104479,George Mussen,UNDER-MERGE,id/id,2,1964,1966,2,2,,Republican Clubs,4,"same name, careers 1964-1964 then 1966-1966, gap 2y"
104505+105176,Desmond Boal,UNDER-MERGE,id/id,2,1960,1962,2,2,,UUP,4,"same name, careers 1960-1960 then 1962-1962, gap 2y"
104877+105650,Judith Rosenfield,UNDER-MERGE,id/id,2,1962,1964,2,2,,Ulster Liberal,4,"same name, careers 1962-1962 then 1964-1964, gap 2y"
110829+105604,Thomas Teevan,UNDER-MERGE,name/id,2,1948,1950,2,2,,Fianna Fáil / UUP,4,"same name, careers 1948-1948 then 1950-1950, gap 2y"
105923+106299,James Morrow,UNDER-MERGE,id/id,2,1949,1951,2,2,,NI Labour,4,"same name, careers 1949-1949 then 1951-1951, gap 2y"
105723+110799,Thomas Larkin,UNDER-MERGE,id/name,2,1925,1927,2,2,,Irish Labour / Republican,4,"same name, careers 1925-1925 then 1927-1927, gap 2y"
106244+106073,Joseph McConnell,UNDER-MERGE,id/id,2,1929,1931,2,2,,UUP,4,"same name, careers 1929-1929 then 1931-1931, gap 2y"
104825+104357,Lawrence Orr,UNDER-MERGE,id/id,2,1950,1951,1,1,,UUP,4,"same name, careers 1950-1950 then 1951-1951, gap 1y"
5867+105777,Helen Maher,UNDER-MERGE,id/id,2,2023,2024,1,1,,SDLP,4,"same name, careers 2023-2023 then 2024-2024, gap 1y"
105064+10724,Gerard Catney,UNDER-MERGE,id/id,2,2014,2015,1,1,,Alliance,4,"same name, careers 2014-2014 then 2015-2015, gap 1y"
104315+110556,Rosemary McGlone,UNDER-MERGE,id/name,2,2023,2024,1,1,,Aontú,4,"same name, careers 2023-2023 then 2024-2024, gap 1y"
104361+109206,Eoin MacNeill,UNDER-MERGE,id/name,2,1921,1922,1,1,,Pro-Treaty Sinn Féin / Sinn Féin,4,"same name, careers 1921-1921 then 1922-1922, gap 1y"
105092+14432,Kyle Thompson,UNDER-MERGE,id/id,2,2014,2015,1,1,,UKIP,4,"same name, careers 2014-2014 then 2015-2015, gap 1y"
105365+16602,Sheila Bailie,UNDER-MERGE,id/id,2,2014,2015,1,1,,Sinn Féin,4,"same name, careers 2014-2014 then 2015-2015, gap 1y"
104874+17230,Richard Stewart,UNDER-MERGE,id/id,2,2023,2024,1,1,,Alliance,4,"same name, careers 2023-2023 then 2024-2024, gap 1y"
105713+105545,Austin Currie,UNDER-MERGE,id/id,2,1964,1965,1,1,,Nationalist Party,4,"same name, careers 1964-1964 then 1965-1965, gap 1y"
104649+18274,Eddie Roofe,UNDER-MERGE,id/id,2,2023,2024,1,1,,Alliance,4,"same name, careers 2023-2023 then 2024-2024, gap 1y"
104706+19835,Neil Moore,UNDER-MERGE,id/id,2,2022,2023,1,1,,Socialist Party,4,"same name, careers 2022-2022 then 2023-2023, gap 1y"
22016+105567,Lauren Kendall,UNDER-MERGE,id/id,2,2022,2023,1,1,,Green,4,"same name, careers 2022-2022 then 2023-2023, gap 1y"
25318+105439,John Gordon,UNDER-MERGE,id/id,2,2022,2023,1,1,,TUV,4,"same name, careers 2022-2022 then 2023-2023, gap 1y"
105481+26558,Leza Houston,UNDER-MERGE,id/id,2,2023,2024,1,1,,Aontú,4,"same name, careers 2023-2023 then 2024-2024, gap 1y"
27185+104960,Phelim O'Neill,UNDER-MERGE,id/id,2,1969,1970,1,1,,Independent Other / UUP,4,"same name, careers 1969-1969 then 1970-1970, gap 1y"
105406+31846,David Hawthorne,UNDER-MERGE,id/id,2,2014,2015,1,1,,Alliance,4,"same name, careers 2014-2014 then 2015-2015, gap 1y"
33298+105188,Eóin Millar,UNDER-MERGE,id/id,2,2023,2024,1,1,,Alliance,4,"same name, careers 2023-2023 then 2024-2024, gap 1y"
33558+105203,Dan Murphy,UNDER-MERGE,id/id,2,2022,2023,1,1,,IRSP,4,"same name, careers 2022-2022 then 2023-2023, gap 1y"
34443+105218,Glen Miller,UNDER-MERGE,id/id,2,2023,2024,1,1,,UUP,4,"same name, careers 2023-2023 then 2024-2024, gap 1y"
36004+105271,Padraic Farrell,UNDER-MERGE,id/id,2,2023,2024,1,1,,Alliance,4,"same name, careers 2023-2023 then 2024-2024, gap 1y"
105452+37117,Matthew Warwick,UNDER-MERGE,id/id,2,2023,2024,1,1,,TUV,4,"same name, careers 2023-2023 then 2024-2024, gap 1y"
105332+37823,Billy Stewart,UNDER-MERGE,id/id,2,2022,2023,1,1,,Independent,4,"same name, careers 2022-2022 then 2023-2023, gap 1y"
105372+38966,Sipho Sibanda,UNDER-MERGE,id/id,2,2022,2023,1,1,,PBP,4,"same name, careers 2022-2022 then 2023-2023, gap 1y"
40794+105772,Luke McCann,UNDER-MERGE,id/id,2,2022,2023,1,1,,Aontú,4,"same name, careers 2022-2022 then 2023-2023, gap 1y"
43634+106119,Claire Hackett,UNDER-MERGE,id/id,2,2022,2023,1,1,,Alliance,4,"same name, careers 2022-2022 then 2023-2023, gap 1y"
105579+45331,Ciara Henry,UNDER-MERGE,id/id,2,2022,2023,1,1,,Green,4,"same name, careers 2022-2022 then 2023-2023, gap 1y"
47384+105611,Ann McClure,UNDER-MERGE,id/id,2,2023,2024,1,1,,TUV,4,"same name, careers 2023-2023 then 2024-2024, gap 1y"
51024+105661,Janice Montgomery,UNDER-MERGE,id/id,2,2023,2024,1,1,,UUP,4,"same name, careers 2023-2023 then 2024-2024, gap 1y"
102198+106145,John Beattie,UNDER-MERGE,id/id,3,1950,1951,1,1,,Ir Lab,4,"same name, careers 1950-1950 then 1951-1951, gap 1y"
52641+105678,Matthew Bell,UNDER-MERGE,id/id,2,2023,2024,1,1,,UUP,4,"same name, careers 2023-2023 then 2024-2024, gap 1y"
58922+105783,Siobhan McErlean,UNDER-MERGE,id/id,2,2023,2024,1,1,,Aontú,4,"same name, careers 2023-2023 then 2024-2024, gap 1y"
105969+60004,Allister Kyle,UNDER-MERGE,id/id,2,2023,2024,1,1,,TUV,4,"same name, careers 2023-2023 then 2024-2024, gap 1y"
104171+104334,Erskine Holmes,UNDER-MERGE,id/id,2,1965,1966,1,1,,NI Labour,4,"same name, careers 1965-1965 then 1966-1966, gap 1y"
60406+106255,Daniel Connolly,UNDER-MERGE,id/id,2,2022,2023,1,1,,Aontú,4,"same name, careers 2022-2022 then 2023-2023, gap 1y"
105427+105744,Gerry Fitt,UNDER-MERGE,id/id,2,1965,1966,1,1,,Rep Lab / Republican Labour,4,"same name, careers 1965-1965 then 1966-1966, gap 1y"
105887+66984,Bethany Ferris,UNDER-MERGE,id/id,2,2022,2023,1,1,,UUP,4,"same name, careers 2022-2022 then 2023-2023, gap 1y"
105905+68848,Amy Merron,UNDER-MERGE,id/id,2,2022,2023,1,1,,PBP,4,"same name, careers 2022-2022 then 2023-2023, gap 1y"
70463+105925,Jen McCahon,UNDER-MERGE,id/id,2,2023,2024,1,1,,Green,4,"same name, careers 2023-2023 then 2024-2024, gap 1y"
106191+106045,Walter Scott,UNDER-MERGE,id/id,2,1961,1962,1,1,,UUP,4,"same name, careers 1961-1961 then 1962-1962, gap 1y"
76725+106006,Ash Jones,UNDER-MERGE,id/id,2,2023,2024,1,1,,Green,4,"same name, careers 2023-2023 then 2024-2024, gap 1y"
106012+77182,Linsey Gibson,UNDER-MERGE,id/id,2,2022,2023,1,1,,UUP,4,"same name, careers 2022-2022 then 2023-2023, gap 1y"
77775+106023,Declan Walsh,UNDER-MERGE,id/id,2,2023,2024,1,1,,Green,4,"same name, careers 2023-2023 then 2024-2024, gap 1y"
104924+105641,Sheelagh Murnaghan,UNDER-MERGE,id/id,2,1961,1962,1,1,,Ulster Liberal,4,"same name, careers 1961-1961 then 1962-1962, gap 1y"
81649+106077,Noel Sands,UNDER-MERGE,id/id,2,2023,2024,1,1,,Sinn Féin,4,"same name, careers 2023-2023 then 2024-2024, gap 1y"
106080+82202,Carol Gallagher,UNDER-MERGE,id/id,2,2022,2023,1,1,,PBP,4,"same name, careers 2022-2022 then 2023-2023, gap 1y"
82202+108809,Carol Gallagher,UNDER-MERGE,id/name,2,2023,2024,1,1,,PBP / Solidarity-PBP,4,"same name, careers 2023-2023 then 2024-2024, gap 1y"
83153+106086,Liam Reichenberg,UNDER-MERGE,id/id,2,2023,2024,1,1,,Aontú,4,"same name, careers 2023-2023 then 2024-2024, gap 1y"
105210+108676,Anne McCloskey,UNDER-MERGE,id/name,2,2019,2020,1,1,,Aontú,4,"same name, careers 2019-2019 then 2020-2020, gap 1y"
87385+106147,Gareth Ferguson,UNDER-MERGE,id/id,2,2014,2015,1,1,,TUV,4,"same name, careers 2014-2014 then 2015-2015, gap 1y"
89719+106172,Tom Caldwell,UNDER-MERGE,id/id,2,1969,1970,1,1,,Independent Unionist,4,"same name, careers 1969-1969 then 1970-1970, gap 1y"
106182+90248,Niall Murphy,UNDER-MERGE,id/id,2,2022,2023,1,1,,Independent,4,"same name, careers 2022-2022 then 2023-2023, gap 1y"
106194+90826,Nicola Grant,UNDER-MERGE,id/id,2,2022,2023,1,1,,Workers' Party,4,"same name, careers 2022-2022 then 2023-2023, gap 1y"
106210+91682,Laura Turner,UNDER-MERGE,id/id,2,2022,2023,1,1,,UUP,4,"same name, careers 2022-2022 then 2023-2023, gap 1y"
92186+106218,Will Polland,UNDER-MERGE,id/id,2,2023,2024,1,1,,SDLP,4,"same name, careers 2023-2023 then 2024-2024, gap 1y"
103944+104229,Rafton Pounder,UNDER-MERGE,id/id,2,1963,1964,1,1,,UUP,4,"same name, careers 1963-1963 then 1964-1964, gap 1y"
106258+96090,Gillian Hamilton,UNDER-MERGE,id/id,2,2022,2023,1,1,,Green,4,"same name, careers 2022-2022 then 2023-2023, gap 1y"
104558+103798,Douglas Savory,UNDER-MERGE,id/id,2,1950,1951,1,1,,UUP,4,"same name, careers 1950-1950 then 1951-1951, gap 1y"
104303+105990,William James Morgan,UNDER-MERGE,id/id,2,1958,1959,1,1,,UUP,4,"same name, careers 1958-1958 then 1959-1959, gap 1y"
106192+106133,Thomas Sinclair,UNDER-MERGE,id/id,2,1923,1924,1,1,,UUP,4,"same name, careers 1923-1923 then 1924-1924, gap 1y"
104941+103825,Thomas Harbison,UNDER-MERGE,id/id,2,1921,1922,1,1,,Nationalist Party,4,"same name, careers 1921-1921 then 1922-1922, gap 1y"
103825+104085,Thomas Harbison,UNDER-MERGE,id/id,2,1922,1923,1,1,,Nationalist Party,4,"same name, careers 1922-1922 then 1923-1923, gap 1y"
103830+104123,Captain John Brooke,UNDER-MERGE,id/id,2,1968,1969,1,1,,UUP,4,"same name, careers 1968-1968 then 1969-1969, gap 1y"
105615+103856,Harold Claude Robinson,UNDER-MERGE,id/id,2,1937,1938,1,1,,UUP,4,"same name, careers 1937-1937 then 1938-1938, gap 1y"
104205+103863,Herbert Quin,UNDER-MERGE,id/id,2,1944,1945,1,1,,UUP,4,"same name, careers 1944-1944 then 1945-1945, gap 1y"
105785+103871,Charles Craig,UNDER-MERGE,id/id,2,1922,1923,1,1,,UUP,4,"same name, careers 1922-1922 then 1923-1923, gap 1y"
103871+104416,Charles Craig,UNDER-MERGE,id/id,2,1923,1924,1,1,,UUP,4,"same name, careers 1923-1923 then 1924-1924, gap 1y"
104183+103873,Thomas Boyd,UNDER-MERGE,id/id,2,1950,1951,1,1,,NI Labour,4,"same name, careers 1950-1950 then 1951-1951, gap 1y"
104846+103993,Cahir Healy,UNDER-MERGE,id/id,2,1922,1923,1,1,,Nationalist Party,4,"same name, careers 1922-1922 then 1923-1923, gap 1y"
106101+103880,Cahir Healy,UNDER-MERGE,id/id,2,1949,1950,1,1,,Nationalist Party,4,"same name, careers 1949-1949 then 1950-1950, gap 1y"
103880+105894,Cahir Healy,UNDER-MERGE,id/id,2,1950,1951,1,1,,Nationalist Party,4,"same name, careers 1950-1950 then 1951-1951, gap 1y"
104979+103890,Thomas Moles,UNDER-MERGE,id/id,2,1921,1922,1,1,,UUP,4,"same name, careers 1921-1921 then 1922-1922, gap 1y"
103890+105914,Thomas Moles,UNDER-MERGE,id/id,2,1922,1923,1,1,,UUP,4,"same name, careers 1922-1922 then 1923-1923, gap 1y"
105914+105104,Thomas Moles,UNDER-MERGE,id/id,2,1923,1924,1,1,,UUP,4,"same name, careers 1923-1923 then 1924-1924, gap 1y"
105104+104051,Thomas Moles,UNDER-MERGE,id/id,2,1924,1925,1,1,,UUP,4,"same name, careers 1924-1924 then 1925-1925, gap 1y"
105222+103893,David Overend,UNDER-MERGE,id/id,2,1965,1966,1,1,,NI Labour,4,"same name, careers 1965-1965 then 1966-1966, gap 1y"
109763+106236,Joseph Campbell,UNDER-MERGE,name/id,2,1954,1955,1,1,,Sinn Féin,4,"same name, careers 1954-1954 then 1955-1955, gap 1y"
103978+105590,Albert McElroy,UNDER-MERGE,id/id,2,1950,1951,1,1,,NI Labour,4,"same name, careers 1950-1950 then 1951-1951, gap 1y"
104199+106068,Albert McElroy,UNDER-MERGE,id/id,2,1964,1965,1,1,,Ulster Liberal,4,"same name, careers 1964-1964 then 1965-1965, gap 1y"
103904+104544,John Simms,UNDER-MERGE,id/id,2,1922,1923,1,1,,UUP,4,"same name, careers 1922-1922 then 1923-1923, gap 1y"
104544+105631,John Simms,UNDER-MERGE,id/id,2,1923,1924,1,1,,UUP,4,"same name, careers 1923-1923 then 1924-1924, gap 1y"
103914+106159,James Harden,UNDER-MERGE,id/id,2,1950,1951,1,1,,UUP,4,"same name, careers 1950-1950 then 1951-1951, gap 1y"
104118+106102,William J. Allen,UNDER-MERGE,id/id,2,1922,1923,1,1,,UUP,4,"same name, careers 1922-1922 then 1923-1923, gap 1y"
106102+105432,William J. Allen,UNDER-MERGE,id/id,2,1923,1924,1,1,,UUP,4,"same name, careers 1923-1923 then 1924-1924, gap 1y"
104590+106270,Herbert Dixon,UNDER-MERGE,id/id,2,1921,1922,1,1,,UUP,4,"same name, careers 1921-1921 then 1922-1922, gap 1y"
106270+105775,Herbert Dixon,UNDER-MERGE,id/id,2,1922,1923,1,1,,UUP,4,"same name, careers 1922-1922 then 1923-1923, gap 1y"
105775+104720,Herbert Dixon,UNDER-MERGE,id/id,2,1923,1924,1,1,,UUP,4,"same name, careers 1923-1923 then 1924-1924, gap 1y"
104720+103939,Herbert Dixon,UNDER-MERGE,id/id,2,1924,1925,1,1,,UUP,4,"same name, careers 1924-1924 then 1925-1925, gap 1y"
104421+103966,Harry Midgley,UNDER-MERGE,id/id,2,1923,1924,1,1,,Ind Lab / NI Labour,4,"same name, careers 1923-1923 then 1924-1924, gap 1y"
103985+104053,William Leeburn,UNDER-MERGE,id/id,2,1949,1950,1,1,,NI Labour,4,"same name, careers 1949-1949 then 1950-1950, gap 1y"
105122+104311,George Forrest,UNDER-MERGE,id/id,2,1958,1959,1,1,,UUP,4,"same name, careers 1958-1958 then 1959-1959, gap 1y"
104798+104011,Richard Ferguson,UNDER-MERGE,id/id,2,1968,1969,1,1,,UUP,4,"same name, careers 1968-1968 then 1969-1969, gap 1y"
104399+106097,Harry Diamond,UNDER-MERGE,id/id,2,1964,1965,1,1,,Rep Lab / Republican Labour,4,"same name, careers 1964-1964 then 1965-1965, gap 1y"
105886+105399,Robert Lynn,UNDER-MERGE,id/id,2,1922,1923,1,1,,UUP,4,"same name, careers 1922-1922 then 1923-1923, gap 1y"
105399+104030,Robert Lynn,UNDER-MERGE,id/id,2,1923,1924,1,1,,UUP,4,"same name, careers 1923-1923 then 1924-1924, gap 1y"
105738+104094,Hugh Gage,UNDER-MERGE,id/id,2,1950,1951,1,1,,UUP,4,"same name, careers 1950-1950 then 1951-1951, gap 1y"
105932+104110,Sydney Stewart,UNDER-MERGE,id/id,2,1964,1965,1,1,,NI Labour,4,"same name, careers 1964-1964 then 1965-1965, gap 1y"
104110+106298,Sydney Stewart,UNDER-MERGE,id/id,2,1965,1966,1,1,,NI Labour,4,"same name, careers 1965-1965 then 1966-1966, gap 1y"
104290+105689,Robert O'Neill,UNDER-MERGE,id/id,2,1922,1923,1,1,,UUP,4,"same name, careers 1922-1922 then 1923-1923, gap 1y"
105689+104166,Robert O'Neill,UNDER-MERGE,id/id,2,1923,1924,1,1,,UUP,4,"same name, careers 1923-1923 then 1924-1924, gap 1y"
104211+104387,Robert O'Neill,UNDER-MERGE,id/id,2,1950,1951,1,1,,UUP,4,"same name, careers 1950-1950 then 1951-1951, gap 1y"
104197+105813,Malcolm Macnaghten,UNDER-MERGE,id/id,2,1922,1923,1,1,,UUP,4,"same name, careers 1922-1922 then 1923-1923, gap 1y"
105813+104455,Malcolm Macnaghten,UNDER-MERGE,id/id,2,1923,1924,1,1,,UUP,4,"same name, careers 1923-1923 then 1924-1924, gap 1y"
104209+106310,Irene Calvert,UNDER-MERGE,id/id,2,1944,1945,1,1,,Independent,4,"same name, careers 1944-1944 then 1945-1945, gap 1y"
104823+104223,Samuel Magowan,UNDER-MERGE,id/id,2,1964,1965,1,1,,UUP,4,"same name, careers 1964-1964 then 1965-1965, gap 1y"
104492+104258,John Shearer,UNDER-MERGE,id/id,2,1950,1951,1,1,,UUP,4,"same name, careers 1950-1950 then 1951-1951, gap 1y"
104270+104444,Hartford Hyde,UNDER-MERGE,id/id,2,1950,1951,1,1,,UUP,4,"same name, careers 1950-1950 then 1951-1951, gap 1y"
104274+104945,David Reid,UNDER-MERGE,id/id,2,1922,1923,1,1,,UUP,4,"same name, careers 1922-1922 then 1923-1923, gap 1y"
104945+106065,David Reid,UNDER-MERGE,id/id,2,1923,1924,1,1,,UUP,4,"same name, careers 1923-1923 then 1924-1924, gap 1y"
106079+104297,Albert Anderson,UNDER-MERGE,id/id,2,1968,1969,1,1,,UUP,4,"same name, careers 1968-1968 then 1969-1969, gap 1y"
105718+104372,Thomas McConnell,UNDER-MERGE,id/id,2,1922,1923,1,1,,UUP,4,"same name, careers 1922-1922 then 1923-1923, gap 1y"
104372+105985,Thomas McConnell,UNDER-MERGE,id/id,2,1923,1924,1,1,,UUP,4,"same name, careers 1923-1923 then 1924-1924, gap 1y"
105993+105607,Robert Harcourt,UNDER-MERGE,id/id,2,1949,1950,1,1,,UUP,4,"same name, careers 1949-1949 then 1950-1950, gap 1y"
104891+104454,Alan McKibbin,UNDER-MERGE,id/id,2,1950,1951,1,1,,UUP,4,"same name, careers 1950-1950 then 1951-1951, gap 1y"
104581+106149,Basil Kelly,UNDER-MERGE,id/id,2,1964,1965,1,1,,UUP,4,"same name, careers 1964-1964 then 1965-1965, gap 1y"
106223+104591,Christopher Armstrong,UNDER-MERGE,id/id,2,1954,1955,1,1,,UUP,4,"same name, careers 1954-1954 then 1955-1955, gap 1y"
105584+104620,Edward McCullagh,UNDER-MERGE,id/id,2,1948,1949,1,1,,Nationalist Party,4,"same name, careers 1948-1948 then 1949-1949, gap 1y"
104682+105515,James Pringle,UNDER-MERGE,id/id,2,1922,1923,1,1,,UUP,4,"same name, careers 1922-1922 then 1923-1923, gap 1y"
105515+105863,James Pringle,UNDER-MERGE,id/id,2,1923,1924,1,1,,UUP,4,"same name, careers 1923-1923 then 1924-1924, gap 1y"
106212+105139,Charles Falls,UNDER-MERGE,id/id,2,1923,1924,1,1,,UUP,4,"same name, careers 1923-1923 then 1924-1924, gap 1y"
106198+106250,Patrick Maxwell,UNDER-MERGE,id/id,2,1937,1938,1,1,,Nationalist Party,4,"same name, careers 1937-1937 then 1938-1938, gap 1y"
105604+106134,Thomas Teevan,UNDER-MERGE,id/id,2,1950,1951,1,1,,UUP,4,"same name, careers 1950-1950 then 1951-1951, gap 1y"
106044+105669,Walter Smiles,UNDER-MERGE,id/id,2,1950,1951,1,1,,UUP,4,"same name, careers 1950-1950 then 1951-1951, gap 1y"
105837+105741,Robert McFarland Bingham,UNDER-MERGE,id/id,2,1961,1962,1,1,,NI Labour,4,"same name, careers 1961-1961 then 1962-1962, gap 1y"
103917+106025,Billy Boyd,UNDER-MERGE,id/id,2,1969,1969,0,0,,NI Labour,4,"same name, careers 1969-1969 then 1969-1969, gap 0y"
104910+104968,John Dobson,UNDER-MERGE,id/id,2,1965,1965,0,0,,UUP,4,"same name, careers 1965-1965 then 1965-1965, gap 0y"
104516+107440,Colin Breen,UNDER-MERGE,id/id,2,2011,2011,0,0,,UUP,4,"same name, careers 2011-2011 then 2011-2011, gap 0y"
24954+104875,Caroline Wheeler,UNDER-MERGE,id/id,2,2019,2019,0,0,,Independent / Independent Other,4,"same name, careers 2019-2019 then 2019-2019, gap 0y"
105087+105200,Martin Kelly,UNDER-MERGE,id/id,2,2019,2019,0,0,,Aontú,4,"same name, careers 2019-2019 then 2019-2019, gap 0y"
41308+105468,Andy McKane,UNDER-MERGE,id/id,2,2019,2019,0,0,,UUP,4,"same name, careers 2019-2019 then 2019-2019, gap 0y"
104015+106253,Stanley McMaster,UNDER-MERGE,id/id,2,1959,1959,0,0,,UUP,4,"same name, careers 1959-1959 then 1959-1959, gap 0y"
48703+105628,Tina McKenzie,UNDER-MERGE,id/id,2,2014,2014,0,0,,NI21,4,"same name, careers 2014-2014 then 2014-2014, gap 0y"
53893+108998,David Murphy,UNDER-MERGE,id/name,2,2011,2011,0,0,,Alliance / Independent,4,"same name, careers 2011-2011 then 2011-2011, gap 0y"
105852+107700,Kevin McNally,UNDER-MERGE,id/id,2,2011,2011,0,0,,Workers Party / Workers' Party,4,"same name, careers 2011-2011 then 2011-2011, gap 0y"
105861+106724,Tom Gormley,UNDER-MERGE,id/id,2,1973,1973,0,0,,Alliance,4,"same name, careers 1973-1973 then 1973-1973, gap 0y"
105924+106113,Vivian Simpson,UNDER-MERGE,id/id,2,1945,1945,0,0,,NI Labour,4,"same name, careers 1945-1945 then 1945-1945, gap 0y"
96868+106272,Patrick McHugh,UNDER-MERGE,id/id,2,1970,1970,0,0,,NI Labour,4,"same name, careers 1970-1970 then 1970-1970, gap 0y"
99944+105714,Jack Beattie,UNDER-MERGE,id/id,2,1953,1953,0,0,,Irish Labour,4,"same name, careers 1953-1953 then 1953-1953, gap 0y"
103839+104542,Seán MacEntee,UNDER-MERGE,id/id,2,1921,1921,0,0,,Sinn Féin,4,"same name, careers 1921-1921 then 1921-1921, gap 0y"
104391+105483,Thomas Lyons,UNDER-MERGE,id/id,2,1945,1945,0,0,,UUP,4,"same name, careers 1945-1945 then 1945-1945, gap 0y"
104609+105530,William Calwell,UNDER-MERGE,id/id,2,1945,1945,0,0,,NI Labour,4,"same name, careers 1945-1945 then 1945-1945, gap 0y"
104068+105967,Ronald Ross,UNDER-MERGE,id/id,2,1929,1929,0,0,,UUP,4,"same name, careers 1929-1929 then 1929-1929, gap 0y"
103816+106024,William Wellwood,UNDER-MERGE,id/id,2,1951,1951,0,0,,UUP,4,"same name, careers 1951-1951 then 1951-1951, gap 0y"
103821+104606,Voice,UNDER-MERGE,id/id,2,2014,2014,0,0,,TUV,4,"same name, careers 2014-2014 then 2014-2014, gap 0y"
104606+104883,Voice,UNDER-MERGE,id/id,2,2014,2014,0,0,,TUV,4,"same name, careers 2014-2014 then 2014-2014, gap 0y"
104883+105022,Voice,UNDER-MERGE,id/id,2,2014,2014,0,0,,TUV,4,"same name, careers 2014-2014 then 2014-2014, gap 0y"
103994+104083,Philip James Woods,UNDER-MERGE,id/id,2,1925,1925,0,0,,Independent Unionist,4,"same name, careers 1925-1925 then 1925-1925, gap 0y"
105707+105708,Joseph Devlin,UNDER-MERGE,id/id,2,1921,1921,0,0,,Nationalist Party,4,"same name, careers 1921-1921 then 1921-1921, gap 0y"
103901+104865,Joseph Devlin,UNDER-MERGE,id/id,2,1929,1929,0,0,,Nationalist Party,4,"same name, careers 1929-1929 then 1929-1929, gap 0y"
104222+104758,Dehra Parker,UNDER-MERGE,id/id,2,1933,1933,0,0,,UUP,4,"same name, careers 1933-1933 then 1933-1933, gap 0y"
105578+105596,Cahir Healy,UNDER-MERGE,id/id,2,1931,1931,0,0,,Nationalist Party,4,"same name, careers 1931-1931 then 1931-1931, gap 0y"
103913+103938,Party,UNDER-MERGE,id/id,2,2014,2014,0,0,,SDLP / UUP,4,"same name, careers 2014-2014 then 2014-2014, gap 0y"
103938+103943,Party,UNDER-MERGE,id/id,2,2014,2014,0,0,,SDLP,4,"same name, careers 2014-2014 then 2014-2014, gap 0y"
103943+104078,Party,UNDER-MERGE,id/id,2,2014,2014,0,0,,SDLP / UUP,4,"same name, careers 2014-2014 then 2014-2014, gap 0y"
104078+104273,Party,UNDER-MERGE,id/id,2,2014,2014,0,0,,SDLP / UUP,4,"same name, careers 2014-2014 then 2014-2014, gap 0y"
104273+104598,Party,UNDER-MERGE,id/id,2,2014,2014,0,0,,DUP / SDLP,4,"same name, careers 2014-2014 then 2014-2014, gap 0y"
104598+104717,Party,UNDER-MERGE,id/id,2,2014,2014,0,0,,DUP / SDLP,4,"same name, careers 2014-2014 then 2014-2014, gap 0y"
104717+104818,Party,UNDER-MERGE,id/id,2,2014,2014,0,0,,SDLP / UUP,4,"same name, careers 2014-2014 then 2014-2014, gap 0y"
104818+104862,Party,UNDER-MERGE,id/id,2,2014,2014,0,0,,DUP / UUP,4,"same name, careers 2014-2014 then 2014-2014, gap 0y"
104862+104872,Party,UNDER-MERGE,id/id,2,2014,2014,0,0,,DUP,4,"same name, careers 2014-2014 then 2014-2014, gap 0y"
104872+105120,Party,UNDER-MERGE,id/id,2,2014,2014,0,0,,DUP / UUP,4,"same name, careers 2014-2014 then 2014-2014, gap 0y"
105120+105230,Party,UNDER-MERGE,id/id,2,2014,2014,0,0,,SDLP / UUP,4,"same name, careers 2014-2014 then 2014-2014, gap 0y"
105230+105292,Party,UNDER-MERGE,id/id,2,2014,2014,0,0,,SDLP,4,"same name, careers 2014-2014 then 2014-2014, gap 0y"
105292+105301,Party,UNDER-MERGE,id/id,2,2014,2014,0,0,,SDLP,4,"same name, careers 2014-2014 then 2014-2014, gap 0y"
105301+105314,Party,UNDER-MERGE,id/id,2,2014,2014,0,0,,SDLP / UUP,4,"same name, careers 2014-2014 then 2014-2014, gap 0y"
105314+105325,Party,UNDER-MERGE,id/id,2,2014,2014,0,0,,SDLP / UUP,4,"same name, careers 2014-2014 then 2014-2014, gap 0y"
105325+105376,Party,UNDER-MERGE,id/id,2,2014,2014,0,0,,SDLP,4,"same name, careers 2014-2014 then 2014-2014, gap 0y"
105376+105381,Party,UNDER-MERGE,id/id,2,2014,2014,0,0,,DUP / SDLP,4,"same name, careers 2014-2014 then 2014-2014, gap 0y"
105381+105436,Party,UNDER-MERGE,id/id,2,2014,2014,0,0,,DUP,4,"same name, careers 2014-2014 then 2014-2014, gap 0y"
105436+105480,Party,UNDER-MERGE,id/id,2,2014,2014,0,0,,DUP / UUP,4,"same name, careers 2014-2014 then 2014-2014, gap 0y"
105480+105502,Party,UNDER-MERGE,id/id,2,2014,2014,0,0,,SDLP / UUP,4,"same name, careers 2014-2014 then 2014-2014, gap 0y"
105502+105555,Party,UNDER-MERGE,id/id,2,2014,2014,0,0,,SDLP / UUP,4,"same name, careers 2014-2014 then 2014-2014, gap 0y"
105555+105999,Party,UNDER-MERGE,id/id,2,2014,2014,0,0,,SDLP / UUP,4,"same name, careers 2014-2014 then 2014-2014, gap 0y"
105999+110302,Party,UNDER-MERGE,id/name,2,2014,2014,0,0,,SDLP / UKIP,4,"same name, careers 2014-2014 then 2014-2014, gap 0y"
103987+104027,Party,UNDER-MERGE,id/id,2,2019,2019,0,0,,SDLP / UUP,4,"same name, careers 2019-2019 then 2019-2019, gap 0y"
104027+104035,Party,UNDER-MERGE,id/id,2,2019,2019,0,0,,DUP / UUP,4,"same name, careers 2019-2019 then 2019-2019, gap 0y"
104035+104256,Party,UNDER-MERGE,id/id,2,2019,2019,0,0,,DUP,4,"same name, careers 2019-2019 then 2019-2019, gap 0y"
104256+104589,Party,UNDER-MERGE,id/id,2,2019,2019,0,0,,DUP,4,"same name, careers 2019-2019 then 2019-2019, gap 0y"
104589+104728,Party,UNDER-MERGE,id/id,2,2019,2019,0,0,,DUP,4,"same name, careers 2019-2019 then 2019-2019, gap 0y"
104728+104746,Party,UNDER-MERGE,id/id,2,2019,2019,0,0,,DUP / UUP,4,"same name, careers 2019-2019 then 2019-2019, gap 0y"
104746+104787,Party,UNDER-MERGE,id/id,2,2019,2019,0,0,,UUP,4,"same name, careers 2019-2019 then 2019-2019, gap 0y"
104787+104843,Party,UNDER-MERGE,id/id,2,2019,2019,0,0,,DUP / UUP,4,"same name, careers 2019-2019 then 2019-2019, gap 0y"
104843+104939,Party,UNDER-MERGE,id/id,2,2019,2019,0,0,,DUP,4,"same name, careers 2019-2019 then 2019-2019, gap 0y"
104939+104992,Party,UNDER-MERGE,id/id,2,2019,2019,0,0,,DUP,4,"same name, careers 2019-2019 then 2019-2019, gap 0y"
104992+105001,Party,UNDER-MERGE,id/id,2,2019,2019,0,0,,DUP,4,"same name, careers 2019-2019 then 2019-2019, gap 0y"
105001+105009,Party,UNDER-MERGE,id/id,2,2019,2019,0,0,,DUP,4,"same name, careers 2019-2019 then 2019-2019, gap 0y"
105009+105112,Party,UNDER-MERGE,id/id,2,2019,2019,0,0,,DUP / SDLP,4,"same name, careers 2019-2019 then 2019-2019, gap 0y"
105112+105129,Party,UNDER-MERGE,id/id,2,2019,2019,0,0,,SDLP / UUP,4,"same name, careers 2019-2019 then 2019-2019, gap 0y"
105129+105143,Party,UNDER-MERGE,id/id,2,2019,2019,0,0,,UUP,4,"same name, careers 2019-2019 then 2019-2019, gap 0y"
105143+105153,Party,UNDER-MERGE,id/id,2,2019,2019,0,0,,DUP / UUP,4,"same name, careers 2019-2019 then 2019-2019, gap 0y"
105153+105232,Party,UNDER-MERGE,id/id,2,2019,2019,0,0,,DUP / SDLP,4,"same name, careers 2019-2019 then 2019-2019, gap 0y"
105232+105402,Party,UNDER-MERGE,id/id,2,2019,2019,0,0,,SDLP / UUP,4,"same name, careers 2019-2019 then 2019-2019, gap 0y"
105402+105434,Party,UNDER-MERGE,id/id,2,2019,2019,0,0,,SDLP / UUP,4,"same name, careers 2019-2019 then 2019-2019, gap 0y"
105434+105587,Party,UNDER-MERGE,id/id,2,2019,2019,0,0,,SDLP,4,"same name, careers 2019-2019 then 2019-2019, gap 0y"
105587+105737,Party,UNDER-MERGE,id/id,2,2019,2019,0,0,,PUP / SDLP,4,"same name, careers 2019-2019 then 2019-2019, gap 0y"
105737+105855,Party,UNDER-MERGE,id/id,2,2019,2019,0,0,,PUP / UUP,4,"same name, careers 2019-2019 then 2019-2019, gap 0y"
104291+105700,Harry Midgley,UNDER-MERGE,id/id,2,1945,1945,0,0,,CWLP / Commonwealth Labour Party,4,"same name, careers 1945-1945 then 1945-1945, gap 0y"
104007+104484,Féin,UNDER-MERGE,id/id,2,2014,2014,0,0,,Sinn Féin,4,"same name, careers 2014-2014 then 2014-2014, gap 0y"
104484+104715,Féin,UNDER-MERGE,id/id,2,2014,2014,0,0,,Sinn Féin,4,"same name, careers 2014-2014 then 2014-2014, gap 0y"
104406+106276,Lancelot Curran,UNDER-MERGE,id/id,2,1945,1945,0,0,,UUP,4,"same name, careers 1945-1945 then 1945-1945, gap 0y"
104244+105907,John Dermot Campbell,UNDER-MERGE,id/id,2,1943,1943,0,0,,UUP,4,"same name, careers 1943-1943 then 1943-1943, gap 0y"
104313+104347,George Henderson,UNDER-MERGE,id/id,2,1929,1929,0,0,,Ulster Liberal,4,"same name, careers 1929-1929 then 1929-1929, gap 0y"
104379+106104,David Johnston,UNDER-MERGE,id/id,2,1929,1929,0,0,,Ulster Liberal,4,"same name, careers 1929-1929 then 1929-1929, gap 0y"
104407+104575,F. G. Patterson,UNDER-MERGE,id/id,2,1949,1949,0,0,,UUP,4,"same name, careers 1949-1949 then 1949-1949, gap 0y"
105711+105908,Walter Topping,UNDER-MERGE,id/id,2,1945,1945,0,0,,UUP,4,"same name, careers 1945-1945 then 1945-1945, gap 0y"
104637+105181,Ireland,UNDER-MERGE,id/id,2,2014,2014,0,0,,Alliance / Green,4,"same name, careers 2014-2014 then 2014-2014, gap 0y"
105181+105311,Ireland,UNDER-MERGE,id/id,2,2014,2014,0,0,,Alliance / Green,4,"same name, careers 2014-2014 then 2014-2014, gap 0y"
104621+104667,Ireland,UNDER-MERGE,id/id,2,2019,2019,0,0,,Alliance / Green,4,"same name, careers 2019-2019 then 2019-2019, gap 0y"
104667+105083,Ireland,UNDER-MERGE,id/id,2,2019,2019,0,0,,Alliance,4,"same name, careers 2019-2019 then 2019-2019, gap 0y"
104878+108856,Charlotte Keenan,UNDER-MERGE,id/name,2,2024,2024,0,0,,Independent,4,"same name, careers 2024-2024 then 2024-2024, gap 0y"
104952+108960,Daniel Pocock,UNDER-MERGE,id/name,2,2024,2024,0,0,,Independent,4,"same name, careers 2024-2024 then 2024-2024, gap 0y"
105692+105955,James Morrow,UNDER-MERGE,id/id,2,1945,1945,0,0,,NI Labour,4,"same name, careers 1945-1945 then 1945-1945, gap 0y"
109501+96729,James Malone,UNDER-MERGE,name/id,5,1969,2014,45,8,,Fianna Fáil / Independent / SDLP,2,"same name, careers 1969-1969 then 1977-2014, gap 8y"
100677,Edward Kelly,OVER-MERGE,name,5,1918,1961,43,27,1,Cumann na nGaedheal / Fianna Fáil / Fine Gael / Nationalist Party,2,gap 27y (1927->1954)
101232,Patrick Byrne,OVER-MERGE,name,4,1923,1965,42,34,1,Fine Gael / Independent,2,gap 34y (1923->1957)
101219,Michael Smyth,OVER-MERGE,name,4,1923,1965,42,38,1,Irish Labour / Labour Party (Ireland),2,gap 38y (1927->1965)
100791,Thomas Dunne,OVER-MERGE,name,5,1927,1969,42,30,1,Fine Gael / Labour Party (Ireland),2,gap 30y (1927->1957)
101246,Patrick Reynolds,OVER-MERGE,name,4,1927,1969,42,34,1,Cumann na nGaedheal / Fine Gael,2,gap 34y (1927->1961)
103383,John Doyle,OVER-MERGE,name,2,1969,2011,42,42,1,Fianna Fáil / Independent,2,gap 42y (1969->2011)
101022,James Strange,OVER-MERGE,id,4,1981,2023,42,34,1,DUP / TUV,2,gap 34y (1985->2019)
100244,Robert Robinson,OVER-MERGE,id,7,1981,2023,42,26,1,DUP / Green / UUP,2,gap 26y (1993->2019)
101603,James Artt,OVER-MERGE,id,3,1981,2023,42,38,1,TUV / UUP,2,gap 38y (1985->2023)
101792,Michael Kelly,OVER-MERGE,id,3,1981,2023,42,33,1,IRSP / Independent / Irish Independence Party,2,gap 33y (1981->2014)
101655,John Cleland,OVER-MERGE,id,3,1973,2014,41,38,1,Alliance / Vanguard Unionist Progressive Party,2,gap 38y (1973->2011)
100493,Patrick Duffy,OVER-MERGE,name,6,1923,1961,38,27,1,Cumann na nGaedheal / Fianna Fáil / Sinn Féin,2,gap 27y (1927->1954)
102043,P. J. Sheehan,OVER-MERGE,name,3,1969,2007,38,33,1,Fine Gael,2,gap 33y (1969->2002)
102011,Michael Finucane,OVER-MERGE,name,3,1969,2007,38,33,1,Fine Gael / Independent,2,gap 33y (1969->2002)
101757,Sean O'Hare,OVER-MERGE,id,3,1973,2011,38,34,1,Republican Clubs / SDLP,2,gap 34y (1977->2011)
101458,James McClean,OVER-MERGE,id,3,1973,2011,38,34,1,SDLP / UUP,2,gap 34y (1977->2011)
102994,John Kennedy,OVER-MERGE,id,2,1981,2019,38,38,1,UKIP / UUP,2,gap 38y (1981->2019)
102608,David McKee,OVER-MERGE,id,2,1981,2019,38,38,1,DUP / Northern Ireland Labour Party,2,gap 38y (1981->2019)
100618,James Cochrane,OVER-MERGE,id,5,1985,2023,38,26,1,DUP / UUP,2,gap 26y (1993->2019)
100828,Tommy Maguire,OVER-MERGE,id,4,1985,2023,38,29,1,Sinn Féin,2,gap 29y (1985->2014)
10189,Samuel Smyth,OVER-MERGE,id,2,1973,2011,38,38,2,Independent / Independent Unionist,2,gap 38y (1973->2011)
96729,James Malone,OVER-MERGE,id,4,1977,2014,37,30,1,Independent / SDLP,2,gap 30y (1981->2011)
101277,Shane Ross,OVER-MERGE,name,4,1984,2020,36,27,2,Independent / Independent Alliance,2,gap 27y (1984->2011)
102808,W. Clarke,OVER-MERGE,id,2,1938,1973,35,35,2,Alliance / Ind. Unionist Party,2,gap 35y (1938->1973)
109624+101754,John Blair,UNDER-MERGE,name/id,5,1979,2014,35,10,,Alliance / Fine Gael,2,"same name, careers 1979-1979 then 1989-2014, gap 10y"
102152,William Kenneally,OVER-MERGE,name,3,1923,1957,34,31,1,Fianna Fáil / Irish Labour,2,gap 31y (1923->1954)
101289,Thomas Powell,OVER-MERGE,name,4,1927,1961,34,29,1,Fianna Fáil / Independent,2,gap 29y (1932->1961)
101809,Ben Briscoe,OVER-MERGE,name,3,1965,1999,34,30,2,Fianna Fáil,2,gap 30y (1969->1999)
102807,John McKinstry,OVER-MERGE,id,2,1977,2011,34,34,1,DUP / UUP,2,gap 34y (1977->2011)
100899,John Moore,OVER-MERGE,id,4,1977,2011,34,30,1,DUP / UUP / Ulster Popular Unionist Party / Vanguard Unionist Progressive Party,2,gap 30y (1981->2011)
100827,Gladys McCullough,OVER-MERGE,id,4,1977,2011,34,26,1,DUP,2,gap 26y (1985->2011)
101775,Cyril Brownlee,OVER-MERGE,id,3,1977,2011,34,28,1,DUP / UUP,2,gap 28y (1977->2005)
100976,John Wilson,OVER-MERGE,id,4,1985,2019,34,26,1,DUP / TUV,2,gap 26y (1993->2019)
100717,John O'Shaughnessy,OVER-MERGE,name,5,1932,1965,33,27,1,Farmers / Fine Gael / Independent / National Centre Party,2,gap 27y (1938->1965)
103316,Hugh Byrne,OVER-MERGE,name,2,1969,2002,33,33,1,Fianna Fáil / Fine Gael,2,gap 33y (1969->2002)
103373,John Bruton,OVER-MERGE,name,2,1969,2002,33,33,1,Fine Gael,2,gap 33y (1969->2002)
28441,Lyle Cubitt,OVER-MERGE,id,3,1977,2010,33,30,3,Independent / Independent Unionist / UKUP,2,gap 30y (1977->2007)
102607,William Knox,OVER-MERGE,id,2,1981,2014,33,33,1,DUP / TUV,2,gap 33y (1981->2014)
101567,Austin Kelly,OVER-MERGE,id,4,1981,2014,33,26,1,Republican Clubs / SDLP / Workers Party,2,gap 26y (1985->2011)
103683,Seán Doherty,OVER-MERGE,name,2,1957,1989,32,32,2,Fianna Fáil,2,gap 32y (1957->1989)
14095,Davy Calvert,OVER-MERGE,id,3,1975,2007,32,28,3,DUP / Independent Unionist,2,gap 28y (1979->2007)
102388,Gerry Cullen,OVER-MERGE,id,2,1992,2024,32,32,1,Cross-Community Labour Alternative / Democratic Left,2,gap 32y (1992->2024)
96241,John Blair,OVER-MERGE,id,4,1992,2024,32,27,2,Alliance,2,gap 27y (1992->2019)
102771,Liam Kelly,OVER-MERGE,id,2,1953,1985,32,32,2,Alliance / Anti-Partitionist,2,gap 32y (1953->1985)
101995,Martin McGowan,OVER-MERGE,name,3,1923,1954,31,28,1,Clann na Poblachta / Republican,2,gap 28y (1923->1951)
102026,Michael Yeats,OVER-MERGE,name,3,1948,1979,31,28,2,Fianna Fáil,2,gap 28y (1951->1979)
105612+96686,William Beattie,UNDER-MERGE,id/id,7,1970,2001,31,7,,DUP / Independent / Protestant Unionist,2,"same name, careers 1970-1970 then 1977-2001, gap 7y"
102565,Ann Donnelly,OVER-MERGE,id,2,1981,2011,30,30,1,Independent / SDLP,2,gap 30y (1981->2011)
63956,William Mitchell,OVER-MERGE,id,3,1985,2014,29,26,1,DUP / UUP,2,gap 26y (1985->2011)
103059,Betty Sinclair,OVER-MERGE,id,2,1945,1973,28,28,2,Communist (NI) / Communist Party of Ireland,2,gap 28y (1945->1973)
102729,Robert Kidd,OVER-MERGE,id,2,1973,2001,28,28,1,Independent / Northern Ireland Labour Party,2,gap 28y (1973->2001)
102497,William Scott,OVER-MERGE,id,2,1977,2005,28,28,1,UUP,2,gap 28y (1977->2005)
103455,Lillie O'Shea Leamy,OVER-MERGE,name,2,1927,1954,27,27,1,Fine Gael / Independent,2,gap 27y (1927->1954)
103501,Maurice Lawlor,OVER-MERGE,name,2,1927,1954,27,27,1,Farmers / Fianna Fáil,2,gap 27y (1927->1954)
103642,Richard Behal,OVER-MERGE,name,2,1984,2011,27,27,2,Independent / Sinn Féin,2,gap 27y (1984->2011)
83943,Peter Doran,OVER-MERGE,id,2,1990,2017,27,27,2,Green / Sinn Féin,2,gap 27y (1990->2017)
102432,Raymond Stewart,OVER-MERGE,id,2,1993,2019,26,26,1,DUP / UKIP,2,gap 26y (1993->2019)
103011,Hugh O'Reilly,OVER-MERGE,id,2,1997,2023,26,26,1,Green / Sinn Féin,2,gap 26y (1997->2023)
58835+105780,David Campbell,UNDER-MERGE,id/id,3,1973,1998,25,9,,UUP,2,"same name, careers 1973-1989 then 1998-1998, gap 9y"
108492+100446,Eoin O'Broin,UNDER-MERGE,id/name,7,2001,2024,23,6,,Sinn Féin / Social Democrats,2,"same name, careers 2001-2001 then 2007-2024, gap 6y"
50863+105177,Frazer McCammond,UNDER-MERGE,id/id,4,1993,2014,21,9,,Alliance / Independent,2,"same name, careers 1993-2005 then 2014-2014, gap 9y"
105805+25276,Bob Kidd,UNDER-MERGE,id/id,5,1965,1982,17,8,,Independent / NI Labour / Newtownabbey Labour / United Labour Party,2,"same name, careers 1965-1965 then 1973-1982, gap 8y"
101864+105306,Eamon Donnelly,UNDER-MERGE,name/id,4,1927,1942,15,9,,Fianna Fáil / Independent Republican,2,"same name, careers 1927-1933 then 1942-1942, gap 9y"
105519+103695,Seán McCool,UNDER-MERGE,id/name,3,1933,1948,15,10,,Clann na Poblachta / Independent / Independent Republican,2,"same name, careers 1933-1933 then 1943-1948, gap 10y"
101740+110612,Seamus O'Brien,UNDER-MERGE,id/name,4,1997,2011,14,6,,PBP / Sinn Féin,2,"same name, careers 1997-2005 then 2011-2011, gap 6y"
103065+105360,Anthony Flynn,UNDER-MERGE,id/id,3,2005,2017,12,6,,Green / Sinn Féin,2,"same name, careers 2005-2011 then 2017-2017, gap 6y"
74137+105537,Sammy Douglas,UNDER-MERGE,id/id,3,2011,2023,12,7,,DUP,2,"same name, careers 2011-2016 then 2023-2023, gap 7y"
108778+102268,Brian Collins,UNDER-MERGE,name/id,3,2007,2019,12,7,,Irish Labour / TUV,2,"same name, careers 2007-2007 then 2014-2019, gap 7y"
104768+102592,Thomas Lyons,UNDER-MERGE,id/id,3,1965,1977,12,8,,UUP / Vanguard Unionist Progressive Party,2,"same name, careers 1965-1965 then 1973-1977, gap 8y"
106248+8133,John Ferguson,UNDER-MERGE,id/id,4,1965,1975,10,8,,Alliance / UUP,2,"same name, careers 1965-1965 then 1973-1975, gap 8y"
105960+103930,James O'Reilly,UNDER-MERGE,id/id,2,1948,1958,10,10,,Nationalist Party,2,"same name, careers 1948-1948 then 1958-1958, gap 10y"
105489+36759,Dáire Hughes,UNDER-MERGE,id/id,2,2014,2024,10,10,,Sinn Féin,2,"same name, careers 2014-2014 then 2024-2024, gap 10y"
105911+57332,Austin Ardill,UNDER-MERGE,id/id,3,1965,1975,10,8,,UUP,2,"same name, careers 1965-1965 then 1973-1975, gap 8y"
109649+82766,John Doherty,UNDER-MERGE,name/id,2,2007,2017,10,10,,Alliance / Independent,2,"same name, careers 2007-2007 then 2017-2017, gap 10y"
103846+106003,Ronald Ross,UNDER-MERGE,id/id,2,1935,1945,10,10,,UUP,2,"same name, careers 1935-1935 then 1945-1945, gap 10y"
104231+103915,William J. Allen,UNDER-MERGE,id/id,2,1935,1945,10,10,,UUP,2,"same name, careers 1935-1935 then 1945-1945, gap 10y"
104091+105108,Samuel Cunningham,UNDER-MERGE,id/id,2,1945,1955,10,10,,UUP,2,"same name, careers 1945-1945 then 1955-1955, gap 10y"
104351+106082,Robert O'Neill,UNDER-MERGE,id/id,2,1935,1945,10,10,,UUP,2,"same name, careers 1935-1935 then 1945-1945, gap 10y"
104792+105580,Anthony Mulvey,UNDER-MERGE,id/id,2,1935,1945,10,10,,Nationalist Party,2,"same name, careers 1935-1935 then 1945-1945, gap 10y"
109141+105192,Edward Bell,UNDER-MERGE,name/id,2,1948,1958,10,10,,Clann na Talmhan / NI Labour,2,"same name, careers 1948-1948 then 1958-1958, gap 10y"
105606+106132,Patrick Cunningham,UNDER-MERGE,id/id,2,1935,1945,10,10,,Nationalist Party,2,"same name, careers 1935-1935 then 1945-1945, gap 10y"
106281+105938,John Blakiston-Houston,UNDER-MERGE,id/id,2,1935,1945,10,10,,UUP,2,"same name, careers 1935-1935 then 1945-1945, gap 10y"
62628+110238,Noel Jordan,UNDER-MERGE,id/name,4,2015,2024,9,7,,Sinn Féin / UKIP,2,"same name, careers 2015-2017 then 2024-2024, gap 7y"
103966+104369,Harry Midgley,UNDER-MERGE,id/id,2,1924,1933,9,9,,NI Labour,2,"same name, careers 1924-1924 then 1933-1933, gap 9y"
104161+104016,Joseph Morgan,UNDER-MERGE,id/id,2,1953,1962,9,9,,UUP,2,"same name, careers 1953-1953 then 1962-1962, gap 9y"
104140+105779,W. I. Wilson,UNDER-MERGE,id/id,2,1929,1938,9,9,,Independent Unionist,2,"same name, careers 1929-1929 then 1938-1938, gap 9y"
104405+104224,William Boyd,UNDER-MERGE,id/id,2,1955,1964,9,9,,NI Labour,2,"same name, careers 1955-1955 then 1964-1964, gap 9y"
104247+106208,Alexander Gordon,UNDER-MERGE,id/id,2,1929,1938,9,9,,UUP,2,"same name, careers 1929-1929 then 1938-1938, gap 9y"
105130+105695,Margaret Anne McKillop,UNDER-MERGE,id/id,2,2014,2023,9,9,,SDLP,2,"same name, careers 2014-2014 then 2023-2023, gap 9y"
108824+105896,Cathal King,UNDER-MERGE,name/id,2,2014,2023,9,9,,Sinn Féin,2,"same name, careers 2014-2014 then 2023-2023, gap 9y"
106167+106235,Robert Nathaniel Boyd,UNDER-MERGE,id/id,2,1929,1938,9,9,,Progressive Unionist / Ulster Liberal,2,"same name, careers 1929-1929 then 1938-1938, gap 9y"
104512+102205,James Brown,UNDER-MERGE,id/id,3,1938,1946,8,7,,Independent Unionist,2,"same name, careers 1938-1938 then 1945-1946, gap 7y"
48332+105286,Brian Higginson,UNDER-MERGE,id/id,3,2015,2023,8,7,,DUP / UKIP,2,"same name, careers 2015-2016 then 2023-2023, gap 7y"
58286+105771,Brian McRoberts,UNDER-MERGE,id/id,2,1962,1970,8,8,,UUP,2,"same name, careers 1962-1962 then 1970-1970, gap 8y"
59925+105799,Jack Hassard,UNDER-MERGE,id/id,2,1965,1973,8,8,,Independent Unionist / NI Labour,2,"same name, careers 1965-1965 then 1973-1973, gap 8y"
106113+79112,Vivian Simpson,UNDER-MERGE,id/id,2,1945,1953,8,8,,NI Labour,2,"same name, careers 1945-1945 then 1953-1953, gap 8y"
105748+106307,Éamon de Valera,UNDER-MERGE,id/id,2,1925,1933,8,8,,Fianna Fáil / Republican,2,"same name, careers 1925-1925 then 1933-1933, gap 8y"
106068+106639,Albert McElroy,UNDER-MERGE,id/id,2,1965,1973,8,8,,Ulster Liberal / Ulster Liberal Party,2,"same name, careers 1965-1965 then 1973-1973, gap 8y"
104080+106164,Richard Byrne,UNDER-MERGE,id/id,2,1921,1929,8,8,,Nationalist Party,2,"same name, careers 1921-1921 then 1929-1929, gap 8y"
104179+104108,John Hanna Robb,UNDER-MERGE,id/id,2,1921,1929,8,8,,UUP,2,"same name, careers 1921-1921 then 1929-1929, gap 8y"
104213+105781,A. Adams,UNDER-MERGE,id/id,2,1921,1929,8,8,,Independent Labour / NI Labour,2,"same name, careers 1921-1921 then 1929-1929, gap 8y"
104413+105085,Henry Holmes,UNDER-MERGE,id/id,2,1945,1953,8,8,,NI Labour / UUP,2,"same name, careers 1945-1945 then 1953-1953, gap 8y"
104464+104305,Samuel McGuffin,UNDER-MERGE,id/id,2,1921,1929,8,8,,UUP,2,"same name, careers 1921-1921 then 1929-1929, gap 8y"
105248+106287,Captain The 1st Viscount Brookeborough,UNDER-MERGE,id/id,2,1945,1953,8,8,,UUP,2,"same name, careers 1945-1945 then 1953-1953, gap 8y"
104343+104377,William Allen,UNDER-MERGE,id/id,2,1922,1929,7,7,,UUP,2,"same name, careers 1922-1922 then 1929-1929, gap 7y"
105862+105895,Nat Minford,UNDER-MERGE,id/id,2,1958,1965,7,7,,UUP,2,"same name, careers 1958-1958 then 1965-1965, gap 7y"
104530+104354,Jack Beattie,UNDER-MERGE,id/id,2,1938,1945,7,7,,Independent Labour,2,"same name, careers 1938-1938 then 1945-1945, gap 7y"
106100+102166,James Little,UNDER-MERGE,id/id,3,1939,1946,7,6,,Independent Unionist,2,"same name, careers 1939-1939 then 1945-1946, gap 6y"
104162+103809,Samuel Hall-Thompson,UNDER-MERGE,id/id,2,1938,1945,7,7,,UUP,2,"same name, careers 1938-1938 then 1945-1945, gap 7y"
106085+104355,John William Nixon,UNDER-MERGE,id/id,2,1938,1945,7,7,,Independent Unionist,2,"same name, careers 1938-1938 then 1945-1945, gap 7y"
104350+103852,Alex Donnelly,UNDER-MERGE,id/id,2,1938,1945,7,7,,Nationalist Party,2,"same name, careers 1938-1938 then 1945-1945, gap 7y"
104594+104147,Dehra Parker,UNDER-MERGE,id/id,2,1938,1945,7,7,,UUP,2,"same name, careers 1938-1938 then 1945-1945, gap 7y"
106243+105703,Cahir Healy,UNDER-MERGE,id/id,2,1938,1945,7,7,,Nationalist Party,2,"same name, careers 1938-1938 then 1945-1945, gap 7y"
104012+105333,Joseph Francis Stewart,UNDER-MERGE,id/id,2,1938,1945,7,7,,Nationalist Party,2,"same name, careers 1938-1938 then 1945-1945, gap 7y"
105590+106269,Albert McElroy,UNDER-MERGE,id/id,2,1951,1958,7,7,,NI Labour / Ulster Liberal,2,"same name, careers 1951-1951 then 1958-1958, gap 7y"
104475+104966,Sir Wilson Hungerford,UNDER-MERGE,id/id,2,1938,1945,7,7,,UUP,2,"same name, careers 1938-1938 then 1945-1945, gap 7y"
104415+103982,William Grant,UNDER-MERGE,id/id,2,1938,1945,7,7,,UUP,2,"same name, careers 1938-1938 then 1945-1945, gap 7y"
104367+105219,J. M. Andrews,UNDER-MERGE,id/id,2,1938,1945,7,7,,UUP,2,"same name, careers 1938-1938 then 1945-1945, gap 7y"
106008+105296,Hugh Minford,UNDER-MERGE,id/id,2,1938,1945,7,7,,UUP,2,"same name, careers 1938-1938 then 1945-1945, gap 7y"
104821+106252,John Milne Barbour,UNDER-MERGE,id/id,2,1938,1945,7,7,,UUP,2,"same name, careers 1938-1938 then 1945-1945, gap 7y"
103986+104433,Brian Maginess,UNDER-MERGE,id/id,2,1938,1945,7,7,,UUP,2,"same name, careers 1938-1938 then 1945-1945, gap 7y"
104515+104019,John Edgar Bailey,UNDER-MERGE,id/id,2,1938,1945,7,7,,UUP,2,"same name, careers 1938-1938 then 1945-1945, gap 7y"
104580+105945,Robert Lynn,UNDER-MERGE,id/id,2,1938,1945,7,7,,UUP,2,"same name, careers 1938-1938 then 1945-1945, gap 7y"
104216+105410,Edmond Warnock,UNDER-MERGE,id/id,2,1938,1945,7,7,,UUP,2,"same name, careers 1938-1938 then 1945-1945, gap 7y"
104232+105454,Maynard Sinclair,UNDER-MERGE,id/id,2,1938,1945,7,7,,UUP,2,"same name, careers 1938-1938 then 1945-1945, gap 7y"
104182+104522,Frederick McSorley,UNDER-MERGE,id/id,2,1938,1945,7,7,,Independent,2,"same name, careers 1938-1938 then 1945-1945, gap 7y"
104227+104487,George Anthony Clark,UNDER-MERGE,id/id,2,1938,1945,7,7,,UUP,2,"same name, careers 1938-1938 then 1945-1945, gap 7y"
104281+106312,Erne Ferguson,UNDER-MERGE,id/id,2,1938,1945,7,7,,UUP,2,"same name, careers 1938-1938 then 1945-1945, gap 7y"
104349+105248,Captain The 1st Viscount Brookeborough,UNDER-MERGE,id/id,2,1938,1945,7,7,,UUP,2,"same name, careers 1938-1938 then 1945-1945, gap 7y"
104425+105725,Paddy Agnew,UNDER-MERGE,id/id,2,1938,1945,7,7,,NI Labour,2,"same name, careers 1938-1938 then 1945-1945, gap 7y"
105618+104694,Thomas Joseph Campbell,UNDER-MERGE,id/id,2,1938,1945,7,7,,Nationalist Party,2,"same name, careers 1938-1938 then 1945-1945, gap 7y"
105919+105049,Howard Stevenson,UNDER-MERGE,id/id,2,1938,1945,7,7,,UUP,2,"same name, careers 1938-1938 then 1945-1945, gap 7y"
106250+105602,Patrick Maxwell,UNDER-MERGE,id/id,2,1938,1945,7,7,,Nationalist Party,2,"same name, careers 1938-1938 then 1945-1945, gap 7y"
105616+105450,S. Sims,UNDER-MERGE,id/id,2,1938,1945,7,7,,Independent Unionist,2,"same name, careers 1938-1938 then 1945-1945, gap 7y"
11211+104298,Eleanor Bailey,UNDER-MERGE,id/id,2,2017,2023,6,6,,Green,2,"same name, careers 2017-2017 then 2023-2023, gap 6y"
103950+103807,Isaac Hawthorne,UNDER-MERGE,id/id,2,1949,1955,6,6,,UUP,2,"same name, careers 1949-1949 then 1955-1955, gap 6y"
104200+104978,Thomas Henderson,UNDER-MERGE,id/id,2,1923,1929,6,6,,Independent Unionist,2,"same name, careers 1923-1923 then 1929-1929, gap 6y"
104360+105752,Arthur Brownlow Mitchell,UNDER-MERGE,id/id,2,1929,1935,6,6,,UUP,2,"same name, careers 1929-1929 then 1935-1935, gap 6y"
105192+106078,Edward Bell,UNDER-MERGE,id/id,2,1958,1964,6,6,,NI Labour,2,"same name, careers 1958-1958 then 1964-1964, gap 6y"
105297+105882,Robert McBrinn,UNDER-MERGE,id/id,2,1945,1951,6,6,,NI Labour,2,"same name, careers 1945-1945 then 1951-1951, gap 6y"
106292+105447,William Lowry,UNDER-MERGE,id/id,2,1939,1945,6,6,,UUP,2,"same name, careers 1939-1939 then 1945-1945, gap 6y"
106245+106295,Malcolm Patrick,UNDER-MERGE,id/id,2,1939,1945,6,6,,UUP,2,"same name, careers 1939-1939 then 1945-1945, gap 6y"
